Compound_SMILES,Compound_InchiKeys,Compound_Name,UniProt_Id,Entrez_Gene_Symbol,DiscoveRx_Gene_Symbol,pKd_[M]_pred
CS(=O)(=O)Nc1cccc(c1)-c1ccc2c(NC(=O)C3CC3)n[nH]c2c1,FUQAHBLEGDXXKS-UHFFFAOYSA-N,SB-742864,Q2M2I8,AAK1,AAK1,0.11499185826462925
CC(C)OC(N(CC1)CCN1C2=NC3=C(C4=CN=C(C(F)(F)F)C=C4)C=NN3C=C2)=O,NDDGTHBFQLPYJL-UHFFFAOYSA-N,NK-92,Q2M2I8,AAK1,AAK1,0.7136730070819001
O=S(NC1=CC(C2=CC=C(C(NC(C3CC3)=O)=NN4)C4=C2)=CC=C1)(N(CC)CC)=O,UCBIQZUJJSVQHL-UHFFFAOYSA-N,UNC-AA-1-0013,Q2M2I8,AAK1,AAK1,0.08059322383575468
O=C(C1CC1)NC2=NNC3=C2C=CC(C4=CC=CC(NS(N(C)CC)(=O)=O)=C4)=C3,NKCMEGZSWOVKIL-UHFFFAOYSA-N,UNC-AA-1-0017,Q2M2I8,AAK1,AAK1,-0.07468376954120505
[nH]1c2c(c(c1)C(=O)NC)cc(cc2)Nc3nc(ccn3)-c4ncccc4,YNYMPWKHPFKBTO-UHFFFAOYSA-N,BI01078627,P00519,ABL1,ABL1-nonphosphorylated,0.19921392933077056
NS(=O)(=O)c1cccc(c1)-c1cc2ccncc2cc1OCc1ccccc1,WFQYBHCSVMMJEF-UHFFFAOYSA-N,GSK980961A,P36896,ACVR1B,ACVR1B,0.178370150024222
ClC1=CC=C(F)C(C2=NC(N=CC=N3)=C3C(NC4=CC=NC=C4)=N2)=C1,BERLXWPRSBJFHO-UHFFFAOYSA-N,SD-208,P36896,ACVR1B,ACVR1B,0.1957318861811282
COC(=O)Nc1nc2ccc(cc2[nH]1)S(=O)(=O)c1ccc(NC(=O)Nc2cc(ccc2F)C(F)(F)F)cc1,RJOBEDHRAOYOQX-UHFFFAOYSA-N,GW680908A,P25098,ADRBK1,GRK2,0.2907796643250914
COc1ccc2ncnc(Nc3ccc(OCc4ccccc4)cc3)c2c1,RARTTYYZTRKYDS-UHFFFAOYSA-N,GI261520A,P31751,AKT2,AKT2,0.6733970460154408
O=S(C2=CC=CC1=CN=CC=C12)(NCCNC/C=C/C3=CC=C(Br)C=C3)=O,ZKZXNDJNWUTGDK-NSCUHMNNSA-N,H89,P31751,AKT2,AKT2,0.5433209494285177
CC(C)OC(N(CC1)CCN1C2=NC3=C(C4=CN=C(C(F)(F)F)C=C4)C=NN3C=C2)=O,NDDGTHBFQLPYJL-UHFFFAOYSA-N,NK-92,Q8NFD2,ANKK1,ANKK1,0.10634986210055432
ClC1=CC(NC2=NC=CC(NCCCN3CCOCC3)=N2)=CC=C1,XEEXZIORUKKBII-UHFFFAOYSA-N,DI00625271,Q9UQB9,AURKC,AURKC,0.2477269458444233
s1c(nc3c1-c2n(nc(c2C(C3)C)-c4cnc(cc4)NCC)-c5c(cccc5)C)NC(=O)OC,FQXPXUGHKSKDIL-UHFFFAOYSA-N,BI00857480,Q9NSY1,BMP2K,BIKE,0.15071619183791485
CS(=O)(=O)Nc1cccc(c1)-c1ccc2c(NC(=O)C3CC3)n[nH]c2c1,FUQAHBLEGDXXKS-UHFFFAOYSA-N,SB-742864,Q9NSY1,BMP2K,BIKE,-0.06048034726221487
CC(C)OC(N(CC1)CCN1C2=NC3=C(C4=CN=C(C(F)(F)F)C=C4)C=NN3C=C2)=O,NDDGTHBFQLPYJL-UHFFFAOYSA-N,NK-92,Q9NSY1,BMP2K,BIKE,0.3829157223631777
O=S(NC1=CC(C2=CC=C(C(NC(C3CC3)=O)=NN4)C4=C2)=CC=C1)(N(CC)CC)=O,UCBIQZUJJSVQHL-UHFFFAOYSA-N,UNC-AA-1-0013,Q9NSY1,BMP2K,BIKE,0.22221547589529148
O=C(C1CC1)NC2=NNC3=C2C=CC(C4=CC=CC(NS(N(C)CC)(=O)=O)=C4)=C3,NKCMEGZSWOVKIL-UHFFFAOYSA-N,UNC-AA-1-0017,Q9NSY1,BMP2K,BIKE,0.6116407968971043
O=C(C1CC1)NC2=NNC3=C2C=CC(C4=CC=CC(NS(CC(C)C)(=O)=O)=C4)=C3,SENOTLIGBLGKGP-UHFFFAOYSA-N,UNC-AA-1-0022,Q9NSY1,BMP2K,BIKE,0.2298403171530128
NS(=O)(=O)c1cccc(c1)-c1cc2ccncc2cc1OCc1ccccc1,WFQYBHCSVMMJEF-UHFFFAOYSA-N,GSK980961A,P36894,BMPR1A,BMPR1A,0.35008154791268753
Fc1c(c(ccc1NS(=O)(=O)CCC)F)-n2nnc(c2)-c3cncc(c3)OC,PBZQXUCHRRZRTF-UHFFFAOYSA-N,BI00865461,P15056,BRAF,BRAF,0.5834320392484846
S(=O)(=O)(N1CCC(CC1)Oc3c(cc2ncnc(c2c3)N[C@H](C)c4ccccc4)OC)C,HNCQUOKLTSGCPT-MRXNPFEDSA-N,BI00010951,Q8IWQ3,BRSK2,BRSK2,0.2901327161061835
NS(=O)(=O)c1ccc(Nc2cc(n[nH]2)-c2cccc(O)c2)cc1,PVLOKYREDKFWTF-UHFFFAOYSA-N,GW831090X,Q8IWQ3,BRSK2,BRSK2,-0.07695469648182146
COc1ccc(cc1)-c1nn2ncccc2c1-c1ccnc(Nc2cccc(c2)C(F)(F)F)n1,BWBYKJFTJZIURF-UHFFFAOYSA-N,GW827105X,O43683,BUB1,BUB1,0.05737199407670356
CN1CCC(CNC(C=C2)=NN3C2=NC=C3C4=CC=CC(OC(F)(F)F)=C4)CC1,MHXGEROHKGDZGO-UHFFFAOYSA-N,SGI-1776,Q14012,CAMK1,CAMK1,0.3711718448648208
s1c(nc3c1-c2n(nc(c2C(C3)C)-c4cnc(cc4)NCC)-c5c(cccc5)C)NC(=O)OC,FQXPXUGHKSKDIL-UHFFFAOYSA-N,BI00857480,Q16566,CAMK4,CAMK4,0.02179046069619955
CN1CCC(NC(C2=CC(OC)=C(NC3=NC=C(N(C(C(F)(F)CN4C5CCCC5)=O)C)C4=N3)C=C2F)=O)CC1,GWRSATNRNFYMDI-UHFFFAOYSA-N,TAK960,Q96RR4,CAMKK2,CAMKK2,0.0135394302269031
ClC1=CC=C(F)C(C2=NC(N=CC=N3)=C3C(NC4=CC=NC=C4)=N2)=C1,BERLXWPRSBJFHO-UHFFFAOYSA-N,SD-208,Q5VT25,CDC42BPA,MRCKA,0.06907875759503733
ClC1=CC=C(F)C(C2=NC(N=CC=N3)=C3C(NC4=CC=NC=C4)=N2)=C1,BERLXWPRSBJFHO-UHFFFAOYSA-N,SD-208,Q9Y5S2,CDC42BPB,MRCKB,0.3840505521857026
ClC1=CC=C(F)C(C2=NC(N=CC=N3)=C3C(NC4=CC=NC=C4)=N2)=C1,BERLXWPRSBJFHO-UHFFFAOYSA-N,SD-208,Q6DT37,CDC42BPG,DMPK2,0.35396410347375473
O[C@H]([C@H](O)[C@@H](CO)O3)[C@@H]3N1C2=C(C(N)=NC=N2)C(I)=C1,WHSIXKUPQCKWBY-IOSLPCCCSA-N,5-iodotubercidin,Q14004,CDK13,CDC2L5,0.25490212180581
O=C(Nc1n[nH]c2nc(ccc12)-c1ccco1)C1CC1,FJINJXZTEKDFRA-UHFFFAOYSA-N,SB-743899,Q96Q40,CDK15,PFTAIRE2,-0.05196154157529553
Clc1ccc(CNc2nccc(n2)-c2cnn3ncccc23)cc1,NEWXQDRWGLAOAY-UHFFFAOYSA-N,GW781673X,Q9BWU1,CDK19,CDK11,2.4037179689564008
CC(C)OC(N(CC1)CCN1C2=NC3=C(C4=CN=C(C(F)(F)F)C=C4)C=NN3C=C2)=O,NDDGTHBFQLPYJL-UHFFFAOYSA-N,NK-92,P24941,CDK2,CDK2,0.06487777968870671
Clc1ccc(CNc2nccc(n2)-c2cnn3ncccc23)cc1,NEWXQDRWGLAOAY-UHFFFAOYSA-N,GW781673X,P50613,CDK7,CDK7,0.10178889838200904
O[C@H]([C@H](O)[C@@H](CO)O3)[C@@H]3N1C2=C(C(N)=NC=N2)C(I)=C1,WHSIXKUPQCKWBY-IOSLPCCCSA-N,5-iodotubercidin,P50613,CDK7,CDK7,0.5951210118234274
Clc1ccc(CNc2nccc(n2)-c2cnn3ncccc23)cc1,NEWXQDRWGLAOAY-UHFFFAOYSA-N,GW781673X,P49336,CDK8,CDK8,0.4999500013682507
CC(C)c1ccc2\C(=N/Nc3ccc(cc3)S(N)(=O)=O)C(=O)Nc2c1,KBESLZOGXNTNCJ-UHFFFAOYSA-N,GW300653X,Q92772,CDKL2,CDKL2,0.00582566135798421
O=C(Nc1n[nH]c2nc(ccc12)-c1ccco1)C1CC1,FJINJXZTEKDFRA-UHFFFAOYSA-N,SB-743899,Q92772,CDKL2,CDKL2,1.4362870481823566
O=S(NC1=CC(C2=CC=C(C(NC(C3CC3)=O)=NN4)C4=C2)=CC=C1)(N(CC)CC)=O,UCBIQZUJJSVQHL-UHFFFAOYSA-N,UNC-AA-1-0013,Q92772,CDKL2,CDKL2,0.13739027419404493
O=C(C1CC1)NC2=NNC3=C2C=CC(C4=CC=CC(NS(N(C)CC)(=O)=O)=C4)=C3,NKCMEGZSWOVKIL-UHFFFAOYSA-N,UNC-AA-1-0017,Q92772,CDKL2,CDKL2,-0.013353649051061754
O=C(C1CC1)NC2=NNC3=C2C=CC(C4=CC=CC(NS(CC(C)C)(=O)=O)=C4)=C3,SENOTLIGBLGKGP-UHFFFAOYSA-N,UNC-AA-1-0022,Q92772,CDKL2,CDKL2,0.05763382997462947
O[C@H]([C@H](O)[C@@H](CO)O3)[C@@H]3N1C2=C(C(N)=NC=N2)C(I)=C1,WHSIXKUPQCKWBY-IOSLPCCCSA-N,5-iodotubercidin,O15111,CHUK,IKK-alpha,0.15816926933251485
Clc1ccc(CNc2nccc(n2)-c2cnn3ncccc23)cc1,NEWXQDRWGLAOAY-UHFFFAOYSA-N,GW781673X,P49759,CLK1,CLK1,0.8620235092042895
Clc1ccc(CNc2nccc(n2)-c2cnn3ncccc23)cc1,NEWXQDRWGLAOAY-UHFFFAOYSA-N,GW781673X,P49760,CLK2,CLK2,0.2286314383515157
O[C@H]([C@H](O)[C@@H](CO)O3)[C@@H]3N1C2=C(C(N)=NC=N2)C(I)=C1,WHSIXKUPQCKWBY-IOSLPCCCSA-N,5-iodotubercidin,P49760,CLK2,CLK2,-0.011763411302044254
CN1CCC(NC(C2=CC(OC)=C(NC3=NC=C(N(C(C(F)(F)CN4C5CCCC5)=O)C)C4=N3)C=C2F)=O)CC1,GWRSATNRNFYMDI-UHFFFAOYSA-N,TAK960,P49760,CLK2,CLK2,0.03402216704291473
Clc1ccc(CNc2nccc(n2)-c2cnn3ncccc23)cc1,NEWXQDRWGLAOAY-UHFFFAOYSA-N,GW781673X,Q9HAZ1,CLK4,CLK4,0.012980710690140968
O=S(NC1=CC(C2=CC=C(C(NC(C3CC3)=O)=NN4)C4=C2)=CC=C1)(N(CC)CC)=O,UCBIQZUJJSVQHL-UHFFFAOYSA-N,UNC-AA-1-0013,Q9HAZ1,CLK4,CLK4,0.32561987033989304
C[C@H]1COCCN1C2=NC(=NC3=C2C=CC(=N3)C4=CC(=CC=C4)C(=O)NC)N5CCOC[C@@H]5C,JUSFANSTBFGBAF-IRXDYDNUSA-N,AZD2014,P07333,CSF1R,CSF1R,1.3770996919114895
CN1CCC(CC1)n1cnc(c1-c1ccnc(NCCO)n1)-c1ccc(F)cc1,XKOQKLFWCLUSAU-UHFFFAOYSA-N,SB-226879,P48729,CSNK1A1,CSNK1A1,0.9259384606478052
CN1CCC(CC1)n1cnc(c1-c1ccnc(N)n1)-c1ccc(F)cc1,SVRAGOOKTLUHES-UHFFFAOYSA-N,SB-220455,P48729,CSNK1A1,CSNK1A1,0.4606147579061271
O[C@H]([C@H](O)[C@@H](CO)O3)[C@@H]3N1C2=C(C(N)=NC=N2)C(I)=C1,WHSIXKUPQCKWBY-IOSLPCCCSA-N,5-iodotubercidin,P48729,CSNK1A1,CSNK1A1,0.3374564160448945
Nc1nccc(n1)-c1c(nn2cc(ccc12)C(F)(F)F)-c1ccc(F)cc1,JQUJTXXKVLSAEV-UHFFFAOYSA-N,GW568326X,P48729,CSNK1A1,CSNK1A1,0.14206709766045564
S(=O)(=O)(N1CCC(CC1)Oc3c(cc2ncnc(c2c3)N[C@H](C)c4ccccc4)OC)C,HNCQUOKLTSGCPT-MRXNPFEDSA-N,BI00010951,Q8N752,CSNK1A1L,CSNK1A1L,1.0361233058745898
CN1CCC(CC1)n1cnc(c1-c1ccnc(N)n1)-c1ccc(F)cc1,SVRAGOOKTLUHES-UHFFFAOYSA-N,SB-220455,Q8N752,CSNK1A1L,CSNK1A1L,0.4958426803269197
CN1CCC(CC1)n1cnc(c1-c1ccnc(N)n1)-c1ccc(F)cc1,SVRAGOOKTLUHES-UHFFFAOYSA-N,SB-220455,P48730,CSNK1D,CSNK1D,0.8266417507786207
CC(C)OC(N(CC1)CCN1C2=NC3=C(C4=CN=C(C(F)(F)F)C=C4)C=NN3C=C2)=O,NDDGTHBFQLPYJL-UHFFFAOYSA-N,NK-92,P48730,CSNK1D,CSNK1D,0.1219564174856867
Cc1ccc2c(c(nn2n1)-c1ccc(cc1)C(F)(F)F)-c1ccnc(Nc2ccc3OCCOc3c2)n1,JLEUOCWABWBHQW-UHFFFAOYSA-N,GW832467X,P48730,CSNK1D,CSNK1D,1.1962213353511784
CN1CCC(CC1)n1cnc(c1-c1ccnc(NCCO)n1)-c1ccc(F)cc1,XKOQKLFWCLUSAU-UHFFFAOYSA-N,SB-226879,P49674,CSNK1E,CSNK1E,0.13815138717664402
Clc1ccc(CNc2nccc(n2)-c2cnn3ncccc23)cc1,NEWXQDRWGLAOAY-UHFFFAOYSA-N,GW781673X,P49674,CSNK1E,CSNK1E,-0.06924144346531733
CN1CCC(CC1)n1cnc(c1-c1ccnc(N)n1)-c1ccc(F)cc1,SVRAGOOKTLUHES-UHFFFAOYSA-N,SB-220455,P49674,CSNK1E,CSNK1E,0.6306322363586392
Nc1nccc(n1)-c1c(nn2cc(ccc12)C(F)(F)F)-c1ccc(F)cc1,JQUJTXXKVLSAEV-UHFFFAOYSA-N,GW568326X,P49674,CSNK1E,CSNK1E,0.30872653306550635
Clc1c(cc(cc1)C#CC2(CCN(CC2)C)OC)-c3nc-4c(cn3)CCc5nc(sc5-4)NC(=O)C,SKJMTJUJMPIXBJ-UHFFFAOYSA-N,BI00047875,Q9HCP0,CSNK1G1,CSNK1G1,0.10716439415564633
CN1CCC(NC(C2=CC(OC)=C(NC3=NC=C(N(C(C(F)(F)CN4C5CCCC5)=O)C)C4=N3)C=C2F)=O)CC1,GWRSATNRNFYMDI-UHFFFAOYSA-N,TAK960,P53355,DAPK1,DAPK1,0.8632294708477659
CC(C)c1ccc2\C(=N/Nc3ccc(cc3)S(N)(=O)=O)C(=O)Nc2c1,KBESLZOGXNTNCJ-UHFFFAOYSA-N,GW300653X,Q9UIK4,DAPK2,DAPK2,0.14468228382849427
O=C(C1CC1)NC2=NNC3=C2C=CC(C4=CC=CC(NS(N(C)CC)(=O)=O)=C4)=C3,NKCMEGZSWOVKIL-UHFFFAOYSA-N,UNC-AA-1-0017,Q9UIK4,DAPK2,DAPK2,-0.018242883281325763
CC(C)c1ccc2\C(=N/Nc3ccc(cc3)S(N)(=O)=O)C(=O)Nc2c1,KBESLZOGXNTNCJ-UHFFFAOYSA-N,GW300653X,O43293,DAPK3,DAPK3,0.2353146394469041
CN1CCC(NC(C2=CC(OC)=C(NC3=NC=C(N(C(C(F)(F)CN4C5CCCC5)=O)C)C4=N3)C=C2F)=O)CC1,GWRSATNRNFYMDI-UHFFFAOYSA-N,TAK960,O43293,DAPK3,DAPK3,0.8594892266164234
O=C(C1CC1)NC2=NNC3=C2C=CC(C4=CC=CC(NS(N(C)CC)(=O)=O)=C4)=C3,NKCMEGZSWOVKIL-UHFFFAOYSA-N,UNC-AA-1-0017,O43293,DAPK3,DAPK3,0.055449515718756434
FC(F)(F)c1c(ccc(c1)NC(=O)c2cc(c(cc2)C)-c3noc(n3)-c4cnccc4)Cl,LQZIUMJCFXSPTG-UHFFFAOYSA-N,BI00831861,Q08345,DDR1,DDR1,0.4412593311598518
COC(=O)Nc1nc2ccc(cc2[nH]1)S(=O)(=O)c1ccc(NC(=O)Nc2cc(ccc2F)C(F)(F)F)cc1,RJOBEDHRAOYOQX-UHFFFAOYSA-N,GW680908A,Q08345,DDR1,DDR1,0.05060368208828315
COc1ccc(cc1)-c1nn2ncccc2c1-c1ccnc(Nc2cccc(c2)C(F)(F)F)n1,BWBYKJFTJZIURF-UHFFFAOYSA-N,GW827105X,Q08345,DDR1,DDR1,0.3170008787481768
CNC(=O)c1cncc(\C=C\c2ccccc2Cl)c1,HVTWLTGGYKBXHX-VOTSOKGWSA-N,GW445017X,Q08345,DDR1,DDR1,0.43557720116733
O=C(C(N1C)=CC2=C1C(OC3=CC(C(N4CCN(C)CC4)=O)=NC=C3)=CC=C2)NC5=CC(C(C)(C)C)=CC(NS(=O)(C)=O)=C5OC,MAABOYWIPSQEMY-UHFFFAOYSA-N,BI00601359,Q08345,DDR1,DDR1,0.05058921176866913
Cc1ccc2c(c(nn2n1)-c1ccc(cc1)C(F)(F)F)-c1ccnc(Nc2ccc3OCCOc3c2)n1,JLEUOCWABWBHQW-UHFFFAOYSA-N,GW832467X,Q08345,DDR1,DDR1,0.046240037675945776
Nc1nccc(n1)-c1c(nn2cc(ccc12)C(F)(F)F)-c1ccc(F)cc1,JQUJTXXKVLSAEV-UHFFFAOYSA-N,GW568326X,Q08345,DDR1,DDR1,-0.05477092186501855
FC(F)(F)c1c(ccc(c1)NC(=O)c2cc(c(cc2)C)-c3noc(n3)-c4cnccc4)Cl,LQZIUMJCFXSPTG-UHFFFAOYSA-N,BI00831861,Q16832,DDR2,DDR2,0.2985857144635609
O=C(C(N1C)=CC2=C1C(OC3=CC(C(N4CCN(C)CC4)=O)=NC=C3)=CC=C2)NC5=CC(C(C)(C)C)=CC(NS(=O)(C)=O)=C5OC,MAABOYWIPSQEMY-UHFFFAOYSA-N,BI00601359,Q16832,DDR2,DDR2,0.04741517602153108
s1c(nc3c1-c2n(nc(c2C(C3)C)-c4cnc(cc4)NCC)-c5c(cccc5)C)NC(=O)OC,FQXPXUGHKSKDIL-UHFFFAOYSA-N,BI00857480,Q09013,DMPK,DMPK,1.1307692226443091
O[C@H]([C@H](O)[C@@H](CO)O3)[C@@H]3N1C2=C(C(N)=NC=N2)C(I)=C1,WHSIXKUPQCKWBY-IOSLPCCCSA-N,5-iodotubercidin,Q13627,DYRK1A,DYRK1A,0.302649306633837
COc1cc2ncn(-c3cc(OCc4ccccc4C(F)(F)F)c(s3)C(=O)N(C)C)c2cc1OC,CKYDKNBLVBVPCS-UHFFFAOYSA-N,GSK1030062A,Q9Y463,DYRK1B,DYRK1B,1.3438680639973772
Clc1ccc(CNc2nccc(n2)-c2cnn3ncccc23)cc1,NEWXQDRWGLAOAY-UHFFFAOYSA-N,GW781673X,Q9Y463,DYRK1B,DYRK1B,0.8506143726602453
O[C@H]([C@H](O)[C@@H](CO)O3)[C@@H]3N1C2=C(C(N)=NC=N2)C(I)=C1,WHSIXKUPQCKWBY-IOSLPCCCSA-N,5-iodotubercidin,Q92630,DYRK2,DYRK2,0.4997983999779208
ClC1=CC(NC2=NC=CC(NCCCN3CCOCC3)=N2)=CC=C1,XEEXZIORUKKBII-UHFFFAOYSA-N,DI00625271,Q92630,DYRK2,DYRK2,-0.0020189168163971707
S(=O)(=O)(N1CCC(CC1)Oc3c(cc2ncnc(c2c3)N[C@H](C)c4ccccc4)OC)C,HNCQUOKLTSGCPT-MRXNPFEDSA-N,BI00010951,P00533,EGFR,EGFR,0.8117014028455738
Clc1c(cc(cc1)C#CC2(CCN(CC2)C)OC)-c3nc-4c(cn3)CCc5nc(sc5-4)NC(=O)C,SKJMTJUJMPIXBJ-UHFFFAOYSA-N,BI00047875,P00533,EGFR,EGFR,0.03147021138252372
Fc1cccc(COc2ccc(Nc3ncnc4sc(cc34)-c3cccs3)cc2Cl)c1,PBIJKZCHYCDPPC-UHFFFAOYSA-N,GW684626B,P00533,EGFR,EGFR,0.8574732738747008
COc1ccc2ncnc(Nc3ccc(OCc4ccccc4)cc3)c2c1,RARTTYYZTRKYDS-UHFFFAOYSA-N,GI261520A,P00533,EGFR,EGFR,-0.0039850288618859106
O=C(N(CC1=CC=CC=C1)CCCC)C2=CC=C(S(=O)(NC3=CC=CC=C3)=O)C=C2,VNCIWNGCMAKKEO-UHFFFAOYSA-N,TH257,P00533,EGFR,EGFR,0.36718190987728905
Fc1cccc(COc2ccc(Nc3ncnc4sc(cc34)-c3cccs3)cc2Cl)c1,PBIJKZCHYCDPPC-UHFFFAOYSA-N,GW684626B,Q9BQI3,EIF2AK1,EIF2AK1,0.2794877521030024
NS(=O)(=O)c1ccc(cc1)-c1ccc2c(NC(=O)C3CC3)n[nH]c2c1,ZZTJLVZEYMOZSD-UHFFFAOYSA-N,SB-738482,Q9P2K8,EIF2AK4,"GCN2(Kin.Dom.2,S808G)",0.3396224522229793
Cc1cc(Cl)cc2C(=NNc3ccc(cc3)S(N)(=O)=O)C(=O)Nc12,YWGGNXADJYGMJY-UHFFFAOYSA-N,GW279320X,P29317,EPHA2,EPHA2,0.4562304883472045
O=C(Nc1n[nH]c2nc(ccc12)-c1ccco1)C1CC1,FJINJXZTEKDFRA-UHFFFAOYSA-N,SB-743899,P29317,EPHA2,EPHA2,-0.04059933648033488
O=C(C1CC1)NC2=NNC3=C2C=CC(C4=CC=CC(NS(N(C)CC)(=O)=O)=C4)=C3,NKCMEGZSWOVKIL-UHFFFAOYSA-N,UNC-AA-1-0017,P29317,EPHA2,EPHA2,0.05653094793654756
FC(F)(F)c1c(ccc(c1)NC(=O)c2cc(c(cc2)C)-c3noc(n3)-c4cnccc4)Cl,LQZIUMJCFXSPTG-UHFFFAOYSA-N,BI00831861,P54764,EPHA4,EPHA4,0.7911073109466835
FC(F)(F)c1c(ccc(c1)NC(=O)c2cc(c(cc2)C)-c3noc(n3)-c4cnccc4)Cl,LQZIUMJCFXSPTG-UHFFFAOYSA-N,BI00831861,Q9UF33,EPHA6,EPHA6,-0.05871611160768653
COC(=O)Nc1nc2ccc(cc2[nH]1)S(=O)(=O)c1ccc(NC(=O)Nc2cc(ccc2F)C(F)(F)F)cc1,RJOBEDHRAOYOQX-UHFFFAOYSA-N,GW680908A,P29322,EPHA8,EPHA8,1.2854155198999233
FC(F)(F)c1c(ccc(c1)NC(=O)c2cc(c(cc2)C)-c3noc(n3)-c4cnccc4)Cl,LQZIUMJCFXSPTG-UHFFFAOYSA-N,BI00831861,P54753,EPHB3,EPHB3,0.08666958230345148
Fc1c(c(ccc1NS(=O)(=O)CCC)F)-n2nnc(c2)-c3cncc(c3)OC,PBZQXUCHRRZRTF-UHFFFAOYSA-N,BI00865461,O15197,EPHB6,EPHB6,0.3696685104840908
Cc1cc(cc(C)c1\C=C\c1cncc(c1)-c1nn[nH]n1)-c1ccccn1,LBJHHPBGZCPQIO-VOTSOKGWSA-N,GW459057A,O15197,EPHB6,EPHB6,-0.05504404262310853
S(=O)(=O)(N1CCC(CC1)Oc3c(cc2ncnc(c2c3)N[C@H](C)c4ccccc4)OC)C,HNCQUOKLTSGCPT-MRXNPFEDSA-N,BI00010951,P04626,ERBB2,ERBB2,0.25092011855719565
Fc1cccc(COc2ccc(Nc3ncnc4sc(cc34)-c3cccs3)cc2Cl)c1,PBIJKZCHYCDPPC-UHFFFAOYSA-N,GW684626B,P04626,ERBB2,ERBB2,0.023817487824724967
COc1ccc2ncnc(Nc3ccc(OCc4ccccc4)cc3)c2c1,RARTTYYZTRKYDS-UHFFFAOYSA-N,GI261520A,P04626,ERBB2,ERBB2,-0.012292011886882136
COc1ccc2ncnc(Nc3ccc(OCc4ccccc4)cc3)c2c1,RARTTYYZTRKYDS-UHFFFAOYSA-N,GI261520A,Q15303,ERBB4,ERBB4,-0.03451095747872696
ClC1=CC(NC2=NC=CC(NCCCN3CCOCC3)=N2)=CC=C1,XEEXZIORUKKBII-UHFFFAOYSA-N,DI00625271,O75460,ERN1,ERN1,0.4674708211214738
Cc1cc(Cl)cc2C(=NNc3ccc(cc3)S(N)(=O)=O)C(=O)Nc12,YWGGNXADJYGMJY-UHFFFAOYSA-N,GW279320X,P21802,FGFR2,FGFR2,0.6528356486239416
O=C(Nc1n[nH]c2nc(ccc12)-c1ccco1)C1CC1,FJINJXZTEKDFRA-UHFFFAOYSA-N,SB-743899,P21802,FGFR2,FGFR2,0.2405492385982931
O=C(C1CC1)NC2=NNC3=C2C=CC(C4=CC=CC(NS(N(C)CC)(=O)=O)=C4)=C3,NKCMEGZSWOVKIL-UHFFFAOYSA-N,UNC-AA-1-0017,P21802,FGFR2,FGFR2,0.23706454678241834
s1c(nc3c1-c2n(nc(c2C(C3)C)-c4cnc(cc4)NCC)-c5c(cccc5)C)NC(=O)OC,FQXPXUGHKSKDIL-UHFFFAOYSA-N,BI00857480,P22455,FGFR4,FGFR4,0.057240121425539366
O=S(NC1=CC(C2=CC=C(C(NC(C3CC3)=O)=NN4)C4=C2)=CC=C1)(N(CC)CC)=O,UCBIQZUJJSVQHL-UHFFFAOYSA-N,UNC-AA-1-0013,P22455,FGFR4,FGFR4,1.0125493131961485
Clc1c(cc(cc1)C#CC2(CCN(CC2)C)OC)-c3nc-4c(cn3)CCc5nc(sc5-4)NC(=O)C,SKJMTJUJMPIXBJ-UHFFFAOYSA-N,BI00047875,P17948,FLT1,FLT1,-0.0745655739254449
Clc1c(cc(cc1)C#CC2(CCN(CC2)C)OC)-c3nc-4c(cn3)CCc5nc(sc5-4)NC(=O)C,SKJMTJUJMPIXBJ-UHFFFAOYSA-N,BI00047875,P36888,FLT3,FLT3(ITD),0.5555558138528967
CC(C)c1ccc2\C(=N/Nc3ccc(cc3)S(N)(=O)=O)C(=O)Nc2c1,KBESLZOGXNTNCJ-UHFFFAOYSA-N,GW300653X,P36888,FLT3,FLT3,-0.0125808006831317
COc1c(cc(cc1-c1ccc(cc1)S(N)(=O)=O)-c1ccc(Cl)cc1)C(N)=O,PGMGCWOOCLJXIF-UHFFFAOYSA-N,GSK711701A,P36888,FLT3,FLT3,0.3067984753096529
NC(=O)c1cc(cc(c1N)-c1ccncc1)-c1ccc(F)cc1,INRJBVLMKPWSHK-UHFFFAOYSA-N,GSK620503A,P36888,FLT3,FLT3,-0.08924466917785838
COc1ccc(cc1C(N)=O)-c1ccncc1,QEYUQXQAUUYZDC-UHFFFAOYSA-N,GSK605714A,P36888,FLT3,FLT3,0.19399046816484766
N(c1ncc(o1)-c1ccccc1)c1ccccc1,HFICAVMUTYFODG-UHFFFAOYSA-N,GW549390X,P36888,FLT3,FLT3,0.03676496449913429
COc1cc2ncn(-c3cc(OCc4ccccc4C(F)(F)F)c(s3)C(=O)N(C)C)c2cc1OC,CKYDKNBLVBVPCS-UHFFFAOYSA-N,GSK1030062A,P36888,FLT3,FLT3,0.18309857797215132
N#Cc1cccc(Nc2ncc(o2)-c2ccccc2)c1,VZMXZHOJAGFSNF-UHFFFAOYSA-N,GW627834A,P36888,FLT3,FLT3,-0.057805741420696666
Cc1cc(cc(C)c1\C=C\c1cncc(c1)-c1nn[nH]n1)-c1ccccn1,LBJHHPBGZCPQIO-VOTSOKGWSA-N,GW459057A,P36888,FLT3,FLT3,0.09190101927745828
N(c1ncc(o1)-c1ccccc1)c1ccc(Oc2ccccc2)cc1,MKASXHWBPFPYNF-UHFFFAOYSA-N,GW641155A,P36888,FLT3,FLT3,-0.02310095620897149
COc1ccc2ncnc(Nc3ccc(OCc4ccccc4)cc3)c2c1,RARTTYYZTRKYDS-UHFFFAOYSA-N,GI261520A,P42685,FRK,FRK,0.4699265249588801
COc1ccc2ncnc(Nc3ccc(OCc4ccccc4)cc3)c2c1,RARTTYYZTRKYDS-UHFFFAOYSA-N,GI261520A,P06241,FYN,FYN,0.4659057860898889
Clc1c(cc(cc1)C#CC2(CCN(CC2)C)OC)-c3nc-4c(cn3)CCc5nc(sc5-4)NC(=O)C,SKJMTJUJMPIXBJ-UHFFFAOYSA-N,BI00047875,O14976,GAK,GAK,1.4226263143643263
COc1ccc(cc1)-c1nn2ncccc2c1-c1ccnc(Nc2cccc(c2)C(F)(F)F)n1,BWBYKJFTJZIURF-UHFFFAOYSA-N,GW827105X,O14976,GAK,GAK,0.13880507216861232
CN1CCC(NC(C2=CC(OC)=C(NC3=NC=C(N(C(C(F)(F)CN4C5CCCC5)=O)C)C4=N3)C=C2F)=O)CC1,GWRSATNRNFYMDI-UHFFFAOYSA-N,TAK960,O14976,GAK,GAK,1.35859171878647
Nc1nccc(n1)-c1c(nn2cc(ccc12)C(F)(F)F)-c1ccc(F)cc1,JQUJTXXKVLSAEV-UHFFFAOYSA-N,GW568326X,O14976,GAK,GAK,0.09261305111962788
O=C(C1CC1)NC2=NNC3=C2C=CC(C4=CC=CC(NS(N(C)CC)(=O)=O)=C4)=C3,NKCMEGZSWOVKIL-UHFFFAOYSA-N,UNC-AA-1-0017,P32298,GRK4,GRK4,0.9811933971323796
O=C(NC=C1)C2=C1C(C(C(C)C)=NO3)=C3C4=C2C=C(C)C=C4,RHCWRLPKOJKBJP-UHFFFAOYSA-N,MO 286/LN 989,P32298,GRK4,GRK4,0.02379109004283796
CN1CCC(CNC(C=C2)=NN3C2=NC=C3C4=CC=CC(OC(F)(F)F)=C4)CC1,MHXGEROHKGDZGO-UHFFFAOYSA-N,SGI-1776,Q8WTQ7,GRK7,GRK7,0.7115851410675109
Cc1ccc2c(c(nn2n1)-c1ccc(cc1)C(F)(F)F)-c1ccnc(Nc2ccc3OCCOc3c2)n1,JLEUOCWABWBHQW-UHFFFAOYSA-N,GW832467X,Q8WTQ7,GRK7,GRK7,0.052047125800595895
Fc1ccc(cc1)-c1c(nc2SCCn12)-c1ccncc1,GLHFDXWSDZWRNN-UHFFFAOYSA-N,SKF-86055,Q8TF76,GSG2,HASPIN,0.3246319432013573
COc1ccc(cc1C(N)=O)-c1ccncc1,QEYUQXQAUUYZDC-UHFFFAOYSA-N,GSK605714A,Q8TF76,GSG2,HASPIN,0.21759886926902894
O=S(C2=CC=CC1=CN=CC=C12)(NCCNC/C=C/C3=CC=C(Br)C=C3)=O,ZKZXNDJNWUTGDK-NSCUHMNNSA-N,H89,Q8TF76,GSG2,HASPIN,0.008534997921625117
CN1CCC(CNC(C=C2)=NN3C2=NC=C3C4=CC=CC(OC(F)(F)F)=C4)CC1,MHXGEROHKGDZGO-UHFFFAOYSA-N,SGI-1776,Q8TF76,GSG2,HASPIN,0.5828930220028441
O[C@H]([C@H](O)[C@@H](CO)O3)[C@@H]3N1C2=C(C(N)=NC=N2)C(I)=C1,WHSIXKUPQCKWBY-IOSLPCCCSA-N,5-iodotubercidin,Q8TF76,GSG2,HASPIN,-0.06502549578041475
O=C(OC)C1=CC=C(C2=C(C(N)=C(C(N)=O)S3)C3=NC(N4CCC(N)CC4)=C2)C=C1,LBVMBECAHIBYAO-UHFFFAOYSA-N,BI00604549,Q8TF76,GSG2,HASPIN,0.6192027771102259
CC1=CN=C(N1)C2=CN=C(N=C2C3=C(C=C(C=C3)Cl)Cl)NCCNC4=NC=C(C=C4)C#N,AQGNHMOJWBZFQQ-UHFFFAOYSA-N,CHIR99021,P49840,GSK3A,GSK3A,0.26916507312412474
CC1=CN=C(N1)C2=CN=C(N=C2C3=C(C=C(C=C3)Cl)Cl)NCCNC4=NC=C(C=C4)C#N,AQGNHMOJWBZFQQ-UHFFFAOYSA-N,CHIR99021,P49841,GSK3B,GSK3B,0.2143495805045645
Fc1c(c(ccc1NS(=O)(=O)CCC)F)-n2nnc(c2)-c3cncc(c3)OC,PBZQXUCHRRZRTF-UHFFFAOYSA-N,BI00865461,P08631,HCK,HCK,-0.025195832813752768
Clc1ccc(CNc2nccc(n2)-c2cnn3ncccc23)cc1,NEWXQDRWGLAOAY-UHFFFAOYSA-N,GW781673X,Q86Z02,HIPK1,HIPK1,0.3453667896587421
O[C@H]([C@H](O)[C@@H](CO)O3)[C@@H]3N1C2=C(C(N)=NC=N2)C(I)=C1,WHSIXKUPQCKWBY-IOSLPCCCSA-N,5-iodotubercidin,Q86Z02,HIPK1,HIPK1,0.05586234046972992
O[C@H]([C@H](O)[C@@H](CO)O3)[C@@H]3N1C2=C(C(N)=NC=N2)C(I)=C1,WHSIXKUPQCKWBY-IOSLPCCCSA-N,5-iodotubercidin,Q9H2X6,HIPK2,HIPK2,0.009617741947961856
Clc1ccc(CNc2nccc(n2)-c2cnn3ncccc23)cc1,NEWXQDRWGLAOAY-UHFFFAOYSA-N,GW781673X,Q9H422,HIPK3,HIPK3,-0.01992021503154607
O[C@H]([C@H](O)[C@@H](CO)O3)[C@@H]3N1C2=C(C(N)=NC=N2)C(I)=C1,WHSIXKUPQCKWBY-IOSLPCCCSA-N,5-iodotubercidin,Q9H422,HIPK3,HIPK3,0.8397196957627427
Clc1c(cccc1)-n2nc(c4c2-c3sc(nc3CC4)NC(=O)NCc5[nH]ccn5)-c6cnccc6,JXKHIJZYDXHNSW-UHFFFAOYSA-N,BI00048423,Q9UPZ9,ICK,ICK,0.5383955486785817
O=C(OC)C1=CC=C(C2=C(C(N)=C(C(N)=O)S3)C3=NC(N4CCC(N)CC4)=C2)C=C1,LBVMBECAHIBYAO-UHFFFAOYSA-N,BI00604549,O14920,IKBKB,IKK-beta,0.6020302263764246
CN1CCC(NC(C2=CC(OC)=C(NC3=NC=C(N(C(C(F)(F)CN4C5CCCC5)=O)C)C4=N3)C=C2F)=O)CC1,GWRSATNRNFYMDI-UHFFFAOYSA-N,TAK960,P06213,INSR,INSR,0.43209511997657984
CN1CCC(CC1)COC2=CN=C(N=C2)C3=CC(=CC=C3)CN4C(=O)C=CC(=N4)C5=CC=CC(=C5)C#N,AHYMHWXQRWRBKT-UHFFFAOYSA-N,EMD-1214063,P51617,IRAK1,IRAK1,-0.07335350240737806
O[C@H]([C@H](O)[C@@H](CO)O3)[C@@H]3N1C2=C(C(N)=NC=N2)C(I)=C1,WHSIXKUPQCKWBY-IOSLPCCCSA-N,5-iodotubercidin,Q9NWZ3,IRAK4,IRAK4,-0.009031485604815731
CN1CCC(CC1)COC2=CN=C(N=C2)C3=CC(=CC=C3)CN4C(=O)C=CC(=N4)C5=CC=CC(=C5)C#N,AHYMHWXQRWRBKT-UHFFFAOYSA-N,EMD-1214063,Q9NWZ3,IRAK4,IRAK4,0.2012637651417465
COc1ccc(cc1)-c1coc2ncnc(N)c12,QGHMHWPBFHABJY-UHFFFAOYSA-N,GW642125X,P23458,JAK1,JAK1(JH2domain-pseudokinase),0.027501525959777697
NS(=O)(=O)c1ccc(cc1)-c1ccc2c(NC(=O)C3CC3)n[nH]c2c1,ZZTJLVZEYMOZSD-UHFFFAOYSA-N,SB-738482,P23458,JAK1,JAK1(JH1domain-catalytic),0.6152056051695738
FC(F)(F)c1c(ccc(c1)NC(=O)c2cc(c(cc2)C)-c3noc(n3)-c4cnccc4)Cl,LQZIUMJCFXSPTG-UHFFFAOYSA-N,BI00831861,P10721,KIT,KIT,0.5160318571507659
N(c1ncc(o1)-c1ccccc1)c1ccccc1,HFICAVMUTYFODG-UHFFFAOYSA-N,GW549390X,P10721,KIT,KIT,0.5225173047442667
COc1ccc(cc1)-c1coc2ncnc(N)c12,QGHMHWPBFHABJY-UHFFFAOYSA-N,GW642125X,P10721,KIT,KIT,0.10750533344813966
COc1ccc(cc1)-c1nn2ncccc2c1-c1ccnc(Nc2cccc(c2)C(F)(F)F)n1,BWBYKJFTJZIURF-UHFFFAOYSA-N,GW827105X,P10721,KIT,KIT,0.012244569603346744
NS(=O)(=O)c1ccc(Nc2cc(n[nH]2)-c2cccc(O)c2)cc1,PVLOKYREDKFWTF-UHFFFAOYSA-N,GW831090X,P10721,KIT,KIT,0.3639871000857573
N#Cc1cccc(Nc2ncc(o2)-c2ccccc2)c1,VZMXZHOJAGFSNF-UHFFFAOYSA-N,GW627834A,P10721,KIT,KIT,0.03513036308880979
CNC(=O)c1cncc(\C=C\c2ccccc2Cl)c1,HVTWLTGGYKBXHX-VOTSOKGWSA-N,GW445017X,P10721,KIT,KIT,1.5814923080551953
N(c1ncc(o1)-c1ccccc1)c1ccc(Oc2ccccc2)cc1,MKASXHWBPFPYNF-UHFFFAOYSA-N,GW641155A,P10721,KIT,KIT,0.3701640497755769
Cc1ccc2c(c(nn2n1)-c1ccc(cc1)C(F)(F)F)-c1ccnc(Nc2ccc3OCCOc3c2)n1,JLEUOCWABWBHQW-UHFFFAOYSA-N,GW832467X,P10721,KIT,KIT,0.281054588729103
CCS(=O)(=O)c1ccc(OC)c(Nc2ncc(o2)-c2ccccc2Cl)c1,QAAZSECJUMWUTP-UHFFFAOYSA-N,GW622055X,O95835,LATS1,LATS1,0.8911211118008819
NC(=O)c1cc(cc(c1N)-c1ccncc1)-c1ccc(F)cc1,INRJBVLMKPWSHK-UHFFFAOYSA-N,GSK620503A,O95835,LATS1,LATS1,-0.0421838834305104
Cc1cc(Cl)cc2C(=NNc3ccc(cc3)S(N)(=O)=O)C(=O)Nc12,YWGGNXADJYGMJY-UHFFFAOYSA-N,GW279320X,O95835,LATS1,LATS1,-0.00780225477576839
N(c1ncc(o1)-c1ccccc1)c1ccccc1,HFICAVMUTYFODG-UHFFFAOYSA-N,GW549390X,O95835,LATS1,LATS1,0.22396709202732654
Cc1ccc(cc1-c1ccc(cc1)C(=O)NCC1CC1)C(=O)NC1CCC1,RPNGVORGBYYVHT-UHFFFAOYSA-N,GW782912X,O95835,LATS1,LATS1,0.004806427843381425
O=C(NCC1=CC=CC=C1)C2=CC=C(S(=O)(NCC3=CC=CC=C3)=O)C=C2,QDGVJMITKNOVTP-UHFFFAOYSA-N,TH263,O95835,LATS1,LATS1,0.34107145582940096
O[C@H]([C@H](O)[C@@H](CO)O3)[C@@H]3N1C2=C(C(N)=NC=N2)C(I)=C1,WHSIXKUPQCKWBY-IOSLPCCCSA-N,5-iodotubercidin,Q9NRM7,LATS2,LATS2,0.05058921176866913
COC(=O)Nc1nc2ccc(cc2[nH]1)S(=O)(=O)c1ccc(NC(=O)Nc2cc(ccc2F)C(F)(F)F)cc1,RJOBEDHRAOYOQX-UHFFFAOYSA-N,GW680908A,P06239,LCK,LCK,0.7191410383674478
O=C(N(CC1=CC=CC=C1)CCCC)C2=CC=C(S(=O)(NC3=CC=CC=C3)=O)C=C2,VNCIWNGCMAKKEO-UHFFFAOYSA-N,TH257,P06239,LCK,LCK,1.3141767122890056
O=C(C1=CC=C(C=C1)S(=O)(NC2=CC=CC=C2)=O)N(CC)CC3=CC=CC=C3,HSFGCMJKYHQRQQ-UHFFFAOYSA-N,TH251,P53667,LIMK1,LIMK1,0.6568087321405435
O=C(N(CC1=CC=CC=C1)CCCC)C2=CC=C(S(=O)(NC3=CC=CC=C3)=O)C=C2,VNCIWNGCMAKKEO-UHFFFAOYSA-N,TH257,P53667,LIMK1,LIMK1,-0.07291216607414641
O=C(C1=CC=C(C=C1)S(=O)(NC2=CC=CC=C2)=O)N(CC)CC3=CC=CC=C3,HSFGCMJKYHQRQQ-UHFFFAOYSA-N,TH251,P53671,LIMK2,LIMK2,-0.08712969417584915
O=C(N(CC1=CC=CC=C1)CCCC)C2=CC=C(S(=O)(NC3=CC=CC=C3)=O)C=C2,VNCIWNGCMAKKEO-UHFFFAOYSA-N,TH257,P53671,LIMK2,LIMK2,-0.013894895878345043
O=C(C1=CC=C(C=C1)S(=O)(NC2=CC=CC(Cl)=C2)=O)N(CCC)CC3=CC=CC=C3,VMGWOAVOASXXIH-UHFFFAOYSA-N,TH300,P53671,LIMK2,LIMK2,0.037264746244805656
O[C@H]([C@H](O)[C@@H](CO)O3)[C@@H]3N1C2=C(C(N)=NC=N2)C(I)=C1,WHSIXKUPQCKWBY-IOSLPCCCSA-N,5-iodotubercidin,Q5S007,LRRK2,LRRK2,0.2397456957985591
Fc1ccc(cc1)-c1cc(ccn1)-c1c[nH]nc1-c1ccccn1,HZJPBOLTWHOKEL-UHFFFAOYSA-N,GW680975X,P29376,LTK,LTK,0.8875355797727754
O=C(NCC1=CC=CC=C1)C2=CC=C(S(=O)(NCC3=CC=CC=C3)=O)C=C2,QDGVJMITKNOVTP-UHFFFAOYSA-N,TH263,P29376,LTK,LTK,0.35008154791268753
COc1cc2ncn(-c3cc(OCc4ccccc4C(F)(F)F)c(s3)C(=O)N(C)C)c2cc1OC,CKYDKNBLVBVPCS-UHFFFAOYSA-N,GSK1030062A,P07948,LYN,LYN,1.9524790591333283
O=C(C1=CC=C(C=C1)S(=O)(NC2=CC=CC=C2)=O)N(CC)CC3=CC=CC=C3,HSFGCMJKYHQRQQ-UHFFFAOYSA-N,TH251,P20794,MAK,MAK,0.5139966370091057
Cc1cc(cc(C)c1\C=C\c1cncc(c1)-c1nn[nH]n1)-c1ccccn1,LBJHHPBGZCPQIO-VOTSOKGWSA-N,GW459057A,Q02750,MAP2K1,MEK1,0.41114538572779696
O[C@H]([C@H](O)[C@@H](CO)O3)[C@@H]3N1C2=C(C(N)=NC=N2)C(I)=C1,WHSIXKUPQCKWBY-IOSLPCCCSA-N,5-iodotubercidin,Q02750,MAP2K1,MEK1,0.2635893748666221
O[C@H]([C@H](O)[C@@H](CO)O3)[C@@H]3N1C2=C(C(N)=NC=N2)C(I)=C1,WHSIXKUPQCKWBY-IOSLPCCCSA-N,5-iodotubercidin,P36507,MAP2K2,MEK2,-0.026527518406764983
O[C@H]([C@H](O)[C@@H](CO)O3)[C@@H]3N1C2=C(C(N)=NC=N2)C(I)=C1,WHSIXKUPQCKWBY-IOSLPCCCSA-N,5-iodotubercidin,P46734,MAP2K3,MEK3,-0.05374374293453712
Fc1c(c(ccc1NS(=O)(=O)CCC)F)-n2nnc(c2)-c3cncc(c3)OC,PBZQXUCHRRZRTF-UHFFFAOYSA-N,BI00865461,Q13163,MAP2K5,MEK5,0.1945905430874137
CNC(=O)c1cncc(\C=C\c2ccccc2Cl)c1,HVTWLTGGYKBXHX-VOTSOKGWSA-N,GW445017X,Q13163,MAP2K5,MEK5,0.1636331910208484
Cc1cc(cc(C)c1\C=C\c1cncc(c1)-c1nn[nH]n1)-c1ccccn1,LBJHHPBGZCPQIO-VOTSOKGWSA-N,GW459057A,Q13163,MAP2K5,MEK5,0.3049307598283807
COc1ccc2ncnc(Nc3ccc(OCc4ccccc4)cc3)c2c1,RARTTYYZTRKYDS-UHFFFAOYSA-N,GI261520A,Q13163,MAP2K5,MEK5,1.3640650919280486
O[C@H]([C@H](O)[C@@H](CO)O3)[C@@H]3N1C2=C(C(N)=NC=N2)C(I)=C1,WHSIXKUPQCKWBY-IOSLPCCCSA-N,5-iodotubercidin,Q13163,MAP2K5,MEK5,0.5720472770565799
FC(F)(F)c1c(ccc(c1)NC(=O)c2cc(c(cc2)C)-c3noc(n3)-c4cnccc4)Cl,LQZIUMJCFXSPTG-UHFFFAOYSA-N,BI00831861,P52564,MAP2K6,MEK6,1.6626217516354675
s1c(nc3c1-c2n(nc(c2C(C3)C)-c4cnc(cc4)NCC)-c5c(cccc5)C)NC(=O)OC,FQXPXUGHKSKDIL-UHFFFAOYSA-N,BI00857480,Q6ZN16,MAP3K15,MAP3K15,0.15380163880748654
Fc1ccc(cc1)-c1c(nc2SCCn12)-c1ccncc1,GLHFDXWSDZWRNN-UHFFFAOYSA-N,SKF-86055,Q56UN5,MAP3K19,YSK4,0.012671296854549943
COc1ccc(cc1C(N)=O)-c1ccncc1,QEYUQXQAUUYZDC-UHFFFAOYSA-N,GSK605714A,Q56UN5,MAP3K19,YSK4,0.6975317648627163
CCn1c(nc2ccc(F)cc12)-c1nonc1N,CFCWMGRWMVZFQN-UHFFFAOYSA-N,GW785404X,Q56UN5,MAP3K19,YSK4,1.1117724418581136
O[C@H]([C@H](O)[C@@H](CO)O3)[C@@H]3N1C2=C(C(N)=NC=N2)C(I)=C1,WHSIXKUPQCKWBY-IOSLPCCCSA-N,5-iodotubercidin,Q56UN5,MAP3K19,YSK4,0.013466408775430677
ClC1=CC=C(F)C(C2=NC(N=CC=N3)=C3C(NC4=CC=NC=C4)=N2)=C1,BERLXWPRSBJFHO-UHFFFAOYSA-N,SD-208,P53779,MAPK10,JNK3,0.1919435271555382
O=C(C(N1C)=CC2=C1C(OC3=CC(C(N4CCN(C)CC4)=O)=NC=C3)=CC=C2)NC5=CC(C(C)(C)C)=CC(NS(=O)(C)=O)=C5OC,MAABOYWIPSQEMY-UHFFFAOYSA-N,BI00601359,Q15759,MAPK11,p38-beta,0.4824125047087701
Fc1ccc(cc1)-c1ncn(CCCN2CCOCC2)c1-c1ccncc1,ANWALZPQHPAZFO-UHFFFAOYSA-N,SB-210313,Q16539,MAPK14,p38-alpha,0.4054445932227343
Cc1ccc(cc1-c1ccc2[nH]ncc2c1)C(=O)NC1CC1,HZKJOEBOIMSMJP-UHFFFAOYSA-N,GW820759X,Q16539,MAPK14,p38-alpha,0.472820672256844
CN1CCC(CC1)n1cnc(c1-c1ccnc(NCCO)n1)-c1ccc(F)cc1,XKOQKLFWCLUSAU-UHFFFAOYSA-N,SB-226879,Q16539,MAPK14,p38-alpha,-0.05120950644966569
COc1ccc(cc1)-c1nn2ncccc2c1-c1ccnc(Nc2cccc(c2)C(F)(F)F)n1,BWBYKJFTJZIURF-UHFFFAOYSA-N,GW827105X,Q16539,MAPK14,p38-alpha,-0.05477092186501855
Cc1nnc(o1)-c1ccc(C)c(c1)-c1ccc(cc1)C(=O)NCc1ccc(Cl)cc1,PGONBMCLDBGMIY-UHFFFAOYSA-N,GW708893X,Q16539,MAPK14,p38-alpha,0.3482471304293108
Cc1ccc(cc1-c1ccc(cc1)C(=O)NCC1CC1)C(=O)NC1CCC1,RPNGVORGBYYVHT-UHFFFAOYSA-N,GW782912X,Q16539,MAPK14,p38-alpha,0.7639100628673461
CN1CCC(CC1)n1cnc(c1-c1ccnc(N)n1)-c1ccc(F)cc1,SVRAGOOKTLUHES-UHFFFAOYSA-N,SB-220455,Q16539,MAPK14,p38-alpha,0.4731916467517193
O=S(C2=CC=CC1=CN=CC=C12)(NCCNC/C=C/C3=CC=C(Br)C=C3)=O,ZKZXNDJNWUTGDK-NSCUHMNNSA-N,H89,Q16539,MAPK14,p38-alpha,0.5686317541322113
C[C@H]1COCCN1C2=NC(=NC3=C2C=CC(=N3)C4=CC(=CC=C4)C(=O)NC)N5CCOC[C@@H]5C,JUSFANSTBFGBAF-IRXDYDNUSA-N,AZD2014,Q16539,MAPK14,p38-alpha,0.341195277497015
O=C(C(N1C)=CC2=C1C(OC3=CC(C(N4CCN(C)CC4)=O)=NC=C3)=CC=C2)NC5=CC(C(C)(C)C)=CC(NS(=O)(C)=O)=C5OC,MAABOYWIPSQEMY-UHFFFAOYSA-N,BI00601359,Q16539,MAPK14,p38-alpha,0.09888561577712784
Cc1ccc2c(c(nn2n1)-c1ccc(cc1)C(F)(F)F)-c1ccnc(Nc2ccc3OCCOc3c2)n1,JLEUOCWABWBHQW-UHFFFAOYSA-N,GW832467X,Q16539,MAPK14,p38-alpha,0.07245300292979832
Nc1nccc(n1)-c1c(nn2cc(ccc12)C(F)(F)F)-c1ccc(F)cc1,JQUJTXXKVLSAEV-UHFFFAOYSA-N,GW568326X,Q16539,MAPK14,p38-alpha,-0.0535123643902052
CN1CCC(CC1)n1cnc(c1-c1ccnc(N)n1)-c1ccc(F)cc1,SVRAGOOKTLUHES-UHFFFAOYSA-N,SB-220455,P45984,MAPK9,JNK2,0.0778260747665383
O=C(C(N1C)=CC2=C1C(OC3=CC(C(N4CCN(C)CC4)=O)=NC=C3)=CC=C2)NC5=CC(C(C)(C)C)=CC(NS(=O)(C)=O)=C5OC,MAABOYWIPSQEMY-UHFFFAOYSA-N,BI00601359,P45984,MAPK9,JNK2,1.0621957057664857
S(=O)(=O)(N1CCC(CC1)Oc3c(cc2ncnc(c2c3)N[C@H](C)c4ccccc4)OC)C,HNCQUOKLTSGCPT-MRXNPFEDSA-N,BI00010951,Q9P0L2,MARK1,MARK1,-0.059575804240270064
NS(=O)(=O)c1ccc(Nc2cc(n[nH]2)-c2cccc(O)c2)cc1,PVLOKYREDKFWTF-UHFFFAOYSA-N,GW831090X,Q9P0L2,MARK1,MARK1,1.2819179061572168
S(=O)(=O)(N1CCC(CC1)Oc3c(cc2ncnc(c2c3)N[C@H](C)c4ccccc4)OC)C,HNCQUOKLTSGCPT-MRXNPFEDSA-N,BI00010951,Q96L34,MARK4,MARK4,0.8027096396158584
ClC1=CC(NC2=NC=CC(NCCCN3CCOCC3)=N2)=CC=C1,XEEXZIORUKKBII-UHFFFAOYSA-N,DI00625271,P42679,MATK,CTK,0.3770356640010565
COc1ccc(cc1C(N)=O)-c1ccncc1,QEYUQXQAUUYZDC-UHFFFAOYSA-N,GSK605714A,Q14680,MELK,MELK,0.6567350251624702
COC(=O)Nc1nc2ccc(cc2[nH]1)S(=O)(=O)c1ccc(NC(=O)Nc2cc(ccc2F)C(F)(F)F)cc1,RJOBEDHRAOYOQX-UHFFFAOYSA-N,GW680908A,Q14680,MELK,MELK,1.3476370595795673
CS(=O)(=O)Nc1cccc(c1)-c1ccc2c(NC(=O)C3CC3)n[nH]c2c1,FUQAHBLEGDXXKS-UHFFFAOYSA-N,SB-742864,Q14680,MELK,MELK,0.2479033934036176
CNC(=O)c1cncc(\C=C\c2ccccc2Cl)c1,HVTWLTGGYKBXHX-VOTSOKGWSA-N,GW445017X,Q14680,MELK,MELK,0.9403276054832392
S(=O)(=O)(N1CCC(CC1)Oc3c(cc2ncnc(c2c3)N[C@H](C)c4ccccc4)OC)C,HNCQUOKLTSGCPT-MRXNPFEDSA-N,BI00010951,Q12866,MERTK,MERTK,0.05318559958043745
Fc1ccc(cc1)-c1ncn(CCCN2CCOCC2)c1-c1ccncc1,ANWALZPQHPAZFO-UHFFFAOYSA-N,SB-210313,Q8N4C8,MINK1,MINK,-0.061857200124204675
NS(=O)(=O)c1cccc(c1)-c1cc2ccncc2cc1OCc1ccccc1,WFQYBHCSVMMJEF-UHFFFAOYSA-N,GSK980961A,Q9HBH9,MKNK2,MKNK2,-0.03643679051681177
O=C(C1=CC=C(C=C1)S(=O)(NC2=CC=CC=C2)=O)N(CC)CC3=CC=CC=C3,HSFGCMJKYHQRQQ-UHFFFAOYSA-N,TH251,Q04912,MST1R,MST1R,-0.02110928879696
Clc1c(cccc1)-n2nc(c4c2-c3sc(nc3CC4)NC(=O)NCc5[nH]ccn5)-c6cnccc6,JXKHIJZYDXHNSW-UHFFFAOYSA-N,BI00048423,P42345,MTOR,MTOR,-0.0671273273417615
s1c(nc3c1-c2n(nc(c2C(C3)C)-c4cnc(cc4)NCC)-c5c(cccc5)C)NC(=O)OC,FQXPXUGHKSKDIL-UHFFFAOYSA-N,BI00857480,P42345,MTOR,MTOR,0.6348526699896179
C[C@H]1COCCN1C2=NC(=NC3=C2C=CC(=N3)C4=CC(=CC=C4)C(=O)NC)N5CCOC[C@@H]5C,JUSFANSTBFGBAF-IRXDYDNUSA-N,AZD2014,P42345,MTOR,MTOR,1.1520766713802586
CC(N1CCN(C2=NC=NC(CC)=C2C#CC3=CC=C(N)N=C3)CC1)=O,GKROGJIGFRYBLZ-UHFFFAOYSA-N,BI00862142,P42345,MTOR,MTOR,-0.06077211905746965
CN1CCC(NC(C2=CC(OC)=C(NC3=NC=C(N(C(C(F)(F)CN4C5CCCC5)=O)C)C4=N3)C=C2F)=O)CC1,GWRSATNRNFYMDI-UHFFFAOYSA-N,TAK960,Q15746,MYLK,MYLK,0.6932410307529018
O=S(NC1=CC(C2=CC=C(C(NC(C3CC3)=O)=NN4)C4=C2)=CC=C1)(N(CC)CC)=O,UCBIQZUJJSVQHL-UHFFFAOYSA-N,UNC-AA-1-0013,Q9H1R3,MYLK2,MYLK2,-0.08147218688510255
O=C(C1CC1)NC2=NNC3=C2C=CC(C4=CC=CC(NS(N(C)CC)(=O)=O)=C4)=C3,NKCMEGZSWOVKIL-UHFFFAOYSA-N,UNC-AA-1-0017,Q9H1R3,MYLK2,MYLK2,0.004549472386082674
O=C(C1CC1)NC2=NNC3=C2C=CC(C4=CC=CC(NS(CC(C)C)(=O)=O)=C4)=C3,SENOTLIGBLGKGP-UHFFFAOYSA-N,UNC-AA-1-0022,Q9H1R3,MYLK2,MYLK2,0.2337276094921299
CC(C)OC(N(CC1)CCN1C2=NC3=C(C4=CN=C(C(F)(F)F)C=C4)C=NN3C=C2)=O,NDDGTHBFQLPYJL-UHFFFAOYSA-N,NK-92,Q86YV6,MYLK4,MYLK4,0.028728505937748318
C[C@H]1COCCN1C2=NC(=NC3=C2C=CC(=N3)C4=CC(=CC=C4)C(=O)NC)N5CCOC[C@@H]5C,JUSFANSTBFGBAF-IRXDYDNUSA-N,AZD2014,Q86YV6,MYLK4,MYLK4,0.9338524313157662
Clc1c(cccc1)-n2nc(c4c2-c3sc(nc3CC4)NC(=O)NCc5[nH]ccn5)-c6cnccc6,JXKHIJZYDXHNSW-UHFFFAOYSA-N,BI00048423,Q8NEV4,MYO3A,MYO3A,0.12908946033558585
FC(F)(F)c1c(ccc(c1)NC(=O)c2cc(c(cc2)C)-c3noc(n3)-c4cnccc4)Cl,LQZIUMJCFXSPTG-UHFFFAOYSA-N,BI00831861,Q96PY6,NEK1,NEK1,0.5436042601834952
Clc1c(cc(cc1)C#CC2(CCN(CC2)C)OC)-c3nc-4c(cn3)CCc5nc(sc5-4)NC(=O)C,SKJMTJUJMPIXBJ-UHFFFAOYSA-N,BI00047875,P51955,NEK2,NEK2,0.14394056375879305
Clc1c(cc(cc1)C#CC2(CCN(CC2)C)OC)-c3nc-4c(cn3)CCc5nc(sc5-4)NC(=O)C,SKJMTJUJMPIXBJ-UHFFFAOYSA-N,BI00047875,P51956,NEK3,NEK3,0.315464922774636
FC(F)(F)c1c(ccc(c1)NC(=O)c2cc(c(cc2)C)-c3noc(n3)-c4cnccc4)Cl,LQZIUMJCFXSPTG-UHFFFAOYSA-N,BI00831861,P51956,NEK3,NEK3,-0.06965386940920626
Clc1c(cc(cc1)C#CC2(CCN(CC2)C)OC)-c3nc-4c(cn3)CCc5nc(sc5-4)NC(=O)C,SKJMTJUJMPIXBJ-UHFFFAOYSA-N,BI00047875,Q6P3R8,NEK5,NEK5,0.1828248970026316
CCn1c(nc2ccncc12)-c1nonc1N,XDQUYQKTDSDQRL-UHFFFAOYSA-N,SB-738561,Q6P3R8,NEK5,NEK5,0.9730857991805688
O=C(Nc1n[nH]c2nc(ccc12)-c1ccco1)C1CC1,FJINJXZTEKDFRA-UHFFFAOYSA-N,SB-743899,Q8TDX7,NEK7,NEK7,-0.07348556415631992
O=C(Nc1n[nH]c2nc(ccc12)-c1ccco1)C1CC1,FJINJXZTEKDFRA-UHFFFAOYSA-N,SB-743899,Q8TD19,NEK9,NEK9,0.058078468099283465
CN1CCC(CC1)n1cnc(c1-c1ccnc(NCCO)n1)-c1ccc(F)cc1,XKOQKLFWCLUSAU-UHFFFAOYSA-N,SB-226879,Q9UBE8,NLK,NLK,0.14779987202651795
COc1ccc(cc1)-c1nn2ncccc2c1-c1ccnc(Nc2cccc(c2)C(F)(F)F)n1,BWBYKJFTJZIURF-UHFFFAOYSA-N,GW827105X,Q9UBE8,NLK,NLK,0.4836262299491755
CN1CCC(CC1)n1cnc(c1-c1ccnc(N)n1)-c1ccc(F)cc1,SVRAGOOKTLUHES-UHFFFAOYSA-N,SB-220455,Q9UBE8,NLK,NLK,0.15497064825855655
O[C@H]([C@H](O)[C@@H](CO)O3)[C@@H]3N1C2=C(C(N)=NC=N2)C(I)=C1,WHSIXKUPQCKWBY-IOSLPCCCSA-N,5-iodotubercidin,Q16620,NTRK2,TRKB,0.04567304470632831
O=S(C2=CC=CC1=CN=CC=C12)(NCCNC/C=C/C3=CC=C(Br)C=C3)=O,ZKZXNDJNWUTGDK-NSCUHMNNSA-N,H89,Q9H093,NUAK2,SNARK,0.21252290879123004
O[C@H]([C@H](O)[C@@H](CO)O3)[C@@H]3N1C2=C(C(N)=NC=N2)C(I)=C1,WHSIXKUPQCKWBY-IOSLPCCCSA-N,5-iodotubercidin,O95747,OXSR1,OSR1,-0.04135227769304965
Fc1ccc(cc1)-c1cc(ccn1)-c1c[nH]nc1-c1ccccn1,HZJPBOLTWHOKEL-UHFFFAOYSA-N,GW680975X,O75914,PAK3,PAK3,0.4607712846924416
O=C(NCC1=CC=CC=C1)C2=CC=C(S(=O)(NCC3=CC=CC=C3)=O)C=C2,QDGVJMITKNOVTP-UHFFFAOYSA-N,TH263,O75914,PAK3,PAK3,0.3327740451045209
s1c(nc3c1-c2n(nc(c2CC3)-c4cnccc4)-c5ccc(cc5)C6(CC6)N(C)C)NC(=O)OC,GGDDUQGGATVHON-UHFFFAOYSA-N,BI00822448,Q9NQU5,PAK6,PAK6,-0.08269894260035966
CC(C)c1ccc2\C(=N/Nc3ccc(cc3)S(N)(=O)=O)C(=O)Nc2c1,KBESLZOGXNTNCJ-UHFFFAOYSA-N,GW300653X,P16234,PDGFRA,PDGFRA,0.18882515795907245
N(c1ncc(o1)-c1ccccc1)c1ccccc1,HFICAVMUTYFODG-UHFFFAOYSA-N,GW549390X,P16234,PDGFRA,PDGFRA,0.5452747425411888
NS(=O)(=O)c1ccc(Nc2cc(n[nH]2)-c2cccc(O)c2)cc1,PVLOKYREDKFWTF-UHFFFAOYSA-N,GW831090X,P16234,PDGFRA,PDGFRA,0.00915889966558432
N#Cc1cccc(Nc2ncc(o2)-c2ccccc2)c1,VZMXZHOJAGFSNF-UHFFFAOYSA-N,GW627834A,P16234,PDGFRA,PDGFRA,0.4059819327846377
Clc1c(cccc1)-n2nc(c4c2-c3sc(nc3CC4)NC(=O)NCc5[nH]ccn5)-c6cnccc6,JXKHIJZYDXHNSW-UHFFFAOYSA-N,BI00048423,P09619,PDGFRB,PDGFRB,1.0204645771742962
FC(F)(F)c1c(ccc(c1)NC(=O)c2cc(c(cc2)C)-c3noc(n3)-c4cnccc4)Cl,LQZIUMJCFXSPTG-UHFFFAOYSA-N,BI00831861,P09619,PDGFRB,PDGFRB,1.2686911711774145
N(c1ncc(o1)-c1ccccc1)c1ccccc1,HFICAVMUTYFODG-UHFFFAOYSA-N,GW549390X,P09619,PDGFRB,PDGFRB,0.28963015690852906
COc1ccc(cc1)-c1coc2ncnc(N)c12,QGHMHWPBFHABJY-UHFFFAOYSA-N,GW642125X,P09619,PDGFRB,PDGFRB,1.4725939282324416
NS(=O)(=O)c1ccc(Nc2cc(n[nH]2)-c2cccc(O)c2)cc1,PVLOKYREDKFWTF-UHFFFAOYSA-N,GW831090X,P09619,PDGFRB,PDGFRB,-0.030514080832174644
N#Cc1cccc(Nc2ncc(o2)-c2ccccc2)c1,VZMXZHOJAGFSNF-UHFFFAOYSA-N,GW627834A,P09619,PDGFRB,PDGFRB,0.6306056700926986
N(c1ncc(o1)-c1ccccc1)c1ccc(Oc2ccccc2)cc1,MKASXHWBPFPYNF-UHFFFAOYSA-N,GW641155A,P09619,PDGFRB,PDGFRB,-0.04257333669221432
CC(C)c1ccc2\C(=N/Nc3ccc(cc3)S(N)(=O)=O)C(=O)Nc2c1,KBESLZOGXNTNCJ-UHFFFAOYSA-N,GW300653X,P15735,PHKG2,PHKG2,0.3039809317756728
O=C(C1CC1)NC2=NNC3=C2C=CC(C4=CC=CC(NS(N(C)CC)(=O)=O)=C4)=C3,NKCMEGZSWOVKIL-UHFFFAOYSA-N,UNC-AA-1-0017,P15735,PHKG2,PHKG2,0.01002966050113167
Clc1c(cccc1)-n2nc(c4c2-c3sc(nc3CC4)NC(=O)NCc5[nH]ccn5)-c6cnccc6,JXKHIJZYDXHNSW-UHFFFAOYSA-N,BI00048423,Q9UBF8,PI4KB,PIK4CB,0.10979301774654722
s1c(nc3c1-c2n(nc(c2CC3)-c4cnccc4)-c5ccc(cc5)C6(CC6)N(C)C)NC(=O)OC,GGDDUQGGATVHON-UHFFFAOYSA-N,BI00822448,Q9UBF8,PI4KB,PIK4CB,1.0613226946413854
s1c(nc3c1-c2n(nc(c2C(C3)C)-c4cnc(cc4)NCC)-c5c(cccc5)C)NC(=O)OC,FQXPXUGHKSKDIL-UHFFFAOYSA-N,BI00857480,Q9UBF8,PI4KB,PIK4CB,0.33223716392344577
CC(C)OC(N(CC1)CCN1C2=NC3=C(C4=CN=C(C(F)(F)F)C=C4)C=NN3C=C2)=O,NDDGTHBFQLPYJL-UHFFFAOYSA-N,NK-92,Q9UBF8,PI4KB,PIK4CB,-0.045694012345054574
Clc1c(cc(cc1)C#CC2(CCN(CC2)C)OC)-c3nc-4c(cn3)CCc5nc(sc5-4)NC(=O)C,SKJMTJUJMPIXBJ-UHFFFAOYSA-N,BI00047875,O00750,PIK3C2B,PIK3C2B,0.10556384572950543
Clc1c(cccc1)-n2nc(c4c2-c3sc(nc3CC4)NC(=O)NCc5[nH]ccn5)-c6cnccc6,JXKHIJZYDXHNSW-UHFFFAOYSA-N,BI00048423,O00750,PIK3C2B,PIK3C2B,0.6652163019873667
s1c(nc3c1-c2n(nc(c2CC3)-c4cnccc4)-c5ccc(cc5)C6(CC6)N(C)C)NC(=O)OC,GGDDUQGGATVHON-UHFFFAOYSA-N,BI00822448,O00750,PIK3C2B,PIK3C2B,0.19324995145324628
NS(=O)(=O)c1cccc(c1)-c1cc2ccncc2cc1OCc1ccccc1,WFQYBHCSVMMJEF-UHFFFAOYSA-N,GSK980961A,O00750,PIK3C2B,PIK3C2B,0.017807575499052528
Clc1c(cc(cc1)C#CC2(CCN(CC2)C)OC)-c3nc-4c(cn3)CCc5nc(sc5-4)NC(=O)C,SKJMTJUJMPIXBJ-UHFFFAOYSA-N,BI00047875,O75747,PIK3C2G,PIK3C2G,0.811734943473015
Clc1c(cccc1)-n2nc(c4c2-c3sc(nc3CC4)NC(=O)NCc5[nH]ccn5)-c6cnccc6,JXKHIJZYDXHNSW-UHFFFAOYSA-N,BI00048423,O75747,PIK3C2G,PIK3C2G,0.3264628820888593
s1c(nc3c1-c2n(nc(c2CC3)-c4cnccc4)-c5ccc(cc5)C6(CC6)N(C)C)NC(=O)OC,GGDDUQGGATVHON-UHFFFAOYSA-N,BI00822448,O75747,PIK3C2G,PIK3C2G,0.2858772113872273
s1c(nc3c1-c2n(nc(c2C(C3)C)-c4cnc(cc4)NCC)-c5c(cccc5)C)NC(=O)OC,FQXPXUGHKSKDIL-UHFFFAOYSA-N,BI00857480,O75747,PIK3C2G,PIK3C2G,-0.056121317114566686
CC(N1CCN(C2=NC=NC(CC)=C2C#CC3=CC=C(N)N=C3)CC1)=O,GKROGJIGFRYBLZ-UHFFFAOYSA-N,BI00862142,O75747,PIK3C2G,PIK3C2G,0.7305816956361565
O=C(N(C)C)/C(C#N)=C/C(O1)=CC=C1C2=NC3=CN=C(NC=C4)C4=C3N2C5CCCCC5,GJMZWYLOARVASY-NTCAYCPXSA-N,FM-381,O75747,PIK3C2G,PIK3C2G,0.5887938278087291
Clc1c(cccc1)-n2nc(c4c2-c3sc(nc3CC4)NC(=O)NCc5[nH]ccn5)-c6cnccc6,JXKHIJZYDXHNSW-UHFFFAOYSA-N,BI00048423,Q8NEB9,PIK3C3,VPS34,0.15167396206848424
CC(N1CCN(C2=NC=NC(CC)=C2C#CC3=CC=C(N)N=C3)CC1)=O,GKROGJIGFRYBLZ-UHFFFAOYSA-N,BI00862142,Q8NEB9,PIK3C3,VPS34,-0.08624748366249692
Clc1c(cc(cc1)C#CC2(CCN(CC2)C)OC)-c3nc-4c(cn3)CCc5nc(sc5-4)NC(=O)C,SKJMTJUJMPIXBJ-UHFFFAOYSA-N,BI00047875,P42336,PIK3CA,PIK3CA,-0.00407521198774973
Clc1c(cccc1)-n2nc(c4c2-c3sc(nc3CC4)NC(=O)NCc5[nH]ccn5)-c6cnccc6,JXKHIJZYDXHNSW-UHFFFAOYSA-N,BI00048423,P42336,PIK3CA,PIK3CA,-0.0706659878158298
s1c(nc3c1-c2n(nc(c2CC3)-c4cnccc4)-c5ccc(cc5)C6(CC6)N(C)C)NC(=O)OC,GGDDUQGGATVHON-UHFFFAOYSA-N,BI00822448,P42336,PIK3CA,PIK3CA,0.055945998049546065
s1c(nc3c1-c2n(nc(c2C(C3)C)-c4cnc(cc4)NCC)-c5c(cccc5)C)NC(=O)OC,FQXPXUGHKSKDIL-UHFFFAOYSA-N,BI00857480,P42336,PIK3CA,PIK3CA,0.2854591405911221
NS(=O)(=O)c1cccc(c1)-c1cc2ccncc2cc1OCc1ccccc1,WFQYBHCSVMMJEF-UHFFFAOYSA-N,GSK980961A,P42336,PIK3CA,PIK3CA,0.4958426803269197
C[C@H]1COCCN1C2=NC(=NC3=C2C=CC(=N3)C4=CC(=CC=C4)C(=O)NC)N5CCOC[C@@H]5C,JUSFANSTBFGBAF-IRXDYDNUSA-N,AZD2014,P42336,PIK3CA,PIK3CA,1.9919988367492765
CC(N1CCN(C2=NC=NC(CC)=C2C#CC3=CC=C(N)N=C3)CC1)=O,GKROGJIGFRYBLZ-UHFFFAOYSA-N,BI00862142,P42336,PIK3CA,PIK3CA,0.2329592405227285
Clc1c(cc(cc1)C#CC2(CCN(CC2)C)OC)-c3nc-4c(cn3)CCc5nc(sc5-4)NC(=O)C,SKJMTJUJMPIXBJ-UHFFFAOYSA-N,BI00047875,P42338,PIK3CB,PIK3CB,0.2836221731752966
Clc1c(cccc1)-n2nc(c4c2-c3sc(nc3CC4)NC(=O)NCc5[nH]ccn5)-c6cnccc6,JXKHIJZYDXHNSW-UHFFFAOYSA-N,BI00048423,P42338,PIK3CB,PIK3CB,0.07292257755601245
s1c(nc3c1-c2n(nc(c2CC3)-c4cnccc4)-c5ccc(cc5)C6(CC6)N(C)C)NC(=O)OC,GGDDUQGGATVHON-UHFFFAOYSA-N,BI00822448,P42338,PIK3CB,PIK3CB,0.0487279836556195
CC(N1CCN(C2=NC=NC(CC)=C2C#CC3=CC=C(N)N=C3)CC1)=O,GKROGJIGFRYBLZ-UHFFFAOYSA-N,BI00862142,P42338,PIK3CB,PIK3CB,1.2703017586481091
Clc1c(cc(cc1)C#CC2(CCN(CC2)C)OC)-c3nc-4c(cn3)CCc5nc(sc5-4)NC(=O)C,SKJMTJUJMPIXBJ-UHFFFAOYSA-N,BI00047875,O00329,PIK3CD,PIK3CD,-0.03925865168641129
s1c(nc3c1-c2n(nc(c2CC3)-c4cnccc4)-c5ccc(cc5)C6(CC6)N(C)C)NC(=O)OC,GGDDUQGGATVHON-UHFFFAOYSA-N,BI00822448,O00329,PIK3CD,PIK3CD,0.33374571074114584
COc1ccc(cc1)-c1nn2ncccc2c1-c1ccnc(Nc2cccc(c2)C(F)(F)F)n1,BWBYKJFTJZIURF-UHFFFAOYSA-N,GW827105X,O00329,PIK3CD,PIK3CD,0.4366413500796977
CNC(=O)c1cncc(\C=C\c2ccccc2Cl)c1,HVTWLTGGYKBXHX-VOTSOKGWSA-N,GW445017X,O00329,PIK3CD,PIK3CD,0.10773321600989053
CC(N1CCN(C2=NC=NC(CC)=C2C#CC3=CC=C(N)N=C3)CC1)=O,GKROGJIGFRYBLZ-UHFFFAOYSA-N,BI00862142,O00329,PIK3CD,PIK3CD,0.6645831307704065
Clc1c(cc(cc1)C#CC2(CCN(CC2)C)OC)-c3nc-4c(cn3)CCc5nc(sc5-4)NC(=O)C,SKJMTJUJMPIXBJ-UHFFFAOYSA-N,BI00047875,P48736,PIK3CG,PIK3CG,-0.06957370703365476
Clc1c(cccc1)-n2nc(c4c2-c3sc(nc3CC4)NC(=O)NCc5[nH]ccn5)-c6cnccc6,JXKHIJZYDXHNSW-UHFFFAOYSA-N,BI00048423,P48736,PIK3CG,PIK3CG,-0.03415481112497303
s1c(nc3c1-c2n(nc(c2CC3)-c4cnccc4)-c5ccc(cc5)C6(CC6)N(C)C)NC(=O)OC,GGDDUQGGATVHON-UHFFFAOYSA-N,BI00822448,P48736,PIK3CG,PIK3CG,0.1818268285780172
s1c(nc3c1-c2n(nc(c2C(C3)C)-c4cnc(cc4)NCC)-c5c(cccc5)C)NC(=O)OC,FQXPXUGHKSKDIL-UHFFFAOYSA-N,BI00857480,P48736,PIK3CG,PIK3CG,0.3893332047487734
NS(=O)(=O)c1cccc(c1)-c1cc2ccncc2cc1OCc1ccccc1,WFQYBHCSVMMJEF-UHFFFAOYSA-N,GSK980961A,P48736,PIK3CG,PIK3CG,0.905448962345133
CC(N1CCN(C2=NC=NC(CC)=C2C#CC3=CC=C(N)N=C3)CC1)=O,GKROGJIGFRYBLZ-UHFFFAOYSA-N,BI00862142,P48736,PIK3CG,PIK3CG,0.06103905829283662
s1c(nc3c1-c2n(nc(c2CC3)-c4cnccc4)-c5ccc(cc5)C6(CC6)N(C)C)NC(=O)OC,GGDDUQGGATVHON-UHFFFAOYSA-N,BI00822448,Q9Y2I7,PIKFYVE,PIKFYVE,1.124260627499014
s1c(nc3c1-c2n(nc(c2C(C3)C)-c4cnc(cc4)NCC)-c5c(cccc5)C)NC(=O)OC,FQXPXUGHKSKDIL-UHFFFAOYSA-N,BI00857480,Q9Y2I7,PIKFYVE,PIKFYVE,-0.059762886840207335
s1c(nc3c1-c2n(nc(c2CC3)-c4cnccc4)-c5ccc(cc5)C6(CC6)N(C)C)NC(=O)OC,GGDDUQGGATVHON-UHFFFAOYSA-N,BI00822448,P11309,PIM1,PIM1,-0.0880424004687224
CN1CCC(CNC(C=C2)=NN3C2=NC=C3C4=CC=CC(OC(F)(F)F)=C4)CC1,MHXGEROHKGDZGO-UHFFFAOYSA-N,SGI-1776,Q9P1W9,PIM2,PIM2,1.5462018720242636
CN1CCC(CNC(C=C2)=NN3C2=NC=C3C4=CC=CC(OC(F)(F)F)=C4)CC1,MHXGEROHKGDZGO-UHFFFAOYSA-N,SGI-1776,Q86V86,PIM3,PIM3,1.0627482972084017
O=C(NC=C1)C2=C1C(C(C(C)C)=NO3)=C3C4=C2C=C(C)C=C4,RHCWRLPKOJKBJP-UHFFFAOYSA-N,MO 286/LN 989,P78356,PIP4K2B,PIP5K2B,0.33277692987182017
Clc1c(cccc1)-n2nc(c4c2-c3sc(nc3CC4)NC(=O)NCc5[nH]ccn5)-c6cnccc6,JXKHIJZYDXHNSW-UHFFFAOYSA-N,BI00048423,Q8TBX8,PIP4K2C,PIP5K2C,-0.053704686341423016
s1c(nc3c1-c2n(nc(c2CC3)-c4cnccc4)-c5ccc(cc5)C6(CC6)N(C)C)NC(=O)OC,GGDDUQGGATVHON-UHFFFAOYSA-N,BI00822448,Q8TBX8,PIP4K2C,PIP5K2C,0.0510340144242561
CN1CCC(CC1)n1cnc(c1-c1ccnc(NCCO)n1)-c1ccc(F)cc1,XKOQKLFWCLUSAU-UHFFFAOYSA-N,SB-226879,Q8TBX8,PIP4K2C,PIP5K2C,0.11403781834149193
CN1CCC(CC1)n1cnc(c1-c1ccnc(N)n1)-c1ccc(F)cc1,SVRAGOOKTLUHES-UHFFFAOYSA-N,SB-220455,Q8TBX8,PIP4K2C,PIP5K2C,-0.018768380674409984
CN1CCC(NC(C2=CC(OC)=C(NC3=NC=C(N(C(C(F)(F)CN4C5CCCC5)=O)C)C4=N3)C=C2F)=O)CC1,GWRSATNRNFYMDI-UHFFFAOYSA-N,TAK960,Q8TBX8,PIP4K2C,PIP5K2C,0.5114049825049176
CS(=O)(=O)Nc1cccc(c1)-c1ccc2c(NC(=O)C3CC3)n[nH]c2c1,FUQAHBLEGDXXKS-UHFFFAOYSA-N,SB-742864,Q99755,PIP5K1A,PIP5K1A,-0.01608259474580316
Clc1c(cccc1)-n2nc(c4c2-c3sc(nc3CC4)NC(=O)NCc5[nH]ccn5)-c6cnccc6,JXKHIJZYDXHNSW-UHFFFAOYSA-N,BI00048423,O60331,PIP5K1C,PIP5K1C,0.06021042556785024
NS(=O)(=O)c1cccc(c1)-c1ccc2c(NC(=O)C3CC3)n[nH]c2c1,AXXSVTAXFAAJTE-UHFFFAOYSA-N,SB-741905,O60331,PIP5K1C,PIP5K1C,0.6712591279893122
CS(=O)(=O)Nc1cccc(c1)-c1ccc2c(NC(=O)C3CC3)n[nH]c2c1,FUQAHBLEGDXXKS-UHFFFAOYSA-N,SB-742864,O60331,PIP5K1C,PIP5K1C,0.11154728261612394
NS(=O)(=O)c1ccc(Nc2cc(n[nH]2)-c2cccc(O)c2)cc1,PVLOKYREDKFWTF-UHFFFAOYSA-N,GW831090X,O60331,PIP5K1C,PIP5K1C,0.20167177553029306
N#Cc1cccc(Nc2ncc(o2)-c2ccccc2)c1,VZMXZHOJAGFSNF-UHFFFAOYSA-N,GW627834A,O60331,PIP5K1C,PIP5K1C,0.7948021411914549
O=C(OC)C1=CC=C(C2=C(C(N)=C(C(N)=O)S3)C3=NC(N4CCC(N)CC4)=C2)C=C1,LBVMBECAHIBYAO-UHFFFAOYSA-N,BI00604549,O60331,PIP5K1C,PIP5K1C,0.5249599690005148
O=S(NC1=CC(C2=CC=C(C(NC(C3CC3)=O)=NN4)C4=C2)=CC=C1)(N(CC)CC)=O,UCBIQZUJJSVQHL-UHFFFAOYSA-N,UNC-AA-1-0013,O60331,PIP5K1C,PIP5K1C,-0.08122177577017706
O=C(C1CC1)NC2=NNC3=C2C=CC(C4=CC=CC(NS(N(C)CC)(=O)=O)=C4)=C3,NKCMEGZSWOVKIL-UHFFFAOYSA-N,UNC-AA-1-0017,O60331,PIP5K1C,PIP5K1C,0.05451145166434606
O=C(C1CC1)NC2=NNC3=C2C=CC(C4=CC=CC(NS(CC(C)C)(=O)=O)=C4)=C3,SENOTLIGBLGKGP-UHFFFAOYSA-N,UNC-AA-1-0022,O60331,PIP5K1C,PIP5K1C,0.2929058711113114
O=S(C2=CC=CC1=CN=CC=C12)(NCCNC/C=C/C3=CC=C(Br)C=C3)=O,ZKZXNDJNWUTGDK-NSCUHMNNSA-N,H89,Q16512,PKN1,PKN1,0.5978064357894959
Fc1ccc(cc1)-c1c(nc2SCCn12)-c1ccncc1,GLHFDXWSDZWRNN-UHFFFAOYSA-N,SKF-86055,P53350,PLK1,PLK1,0.09540032806222833
NC(=O)c1sc(cc1OCc1ccccc1Br)-n1cnc2ccccc12,BWZJWBWWGBNPLH-UHFFFAOYSA-N,GSK1023156A,P53350,PLK1,PLK1,0.03787595760743792
COc1cc2ncn(-c3cc(OCc4ccccc4C(F)(F)F)c(s3)C(C)=O)c2cc1OC,JFNQBWFEGWHHDQ-UHFFFAOYSA-N,GSK1030059A,P53350,PLK1,PLK1,0.07632951420788824
CN1CCC(NC(C2=CC(OC)=C(NC3=NC=C(N(C(C(F)(F)CN4C5CCCC5)=O)C)C4=N3)C=C2F)=O)CC1,GWRSATNRNFYMDI-UHFFFAOYSA-N,TAK960,P53350,PLK1,PLK1,0.097334708191924
NC(=O)c1sc(cc1OCc1ccccc1Br)-n1cnc2ccccc12,BWZJWBWWGBNPLH-UHFFFAOYSA-N,GSK1023156A,Q9NYY3,PLK2,PLK2,0.03007163989322577
COc1cc2ncn(-c3cc(OCc4ccccc4C(F)(F)F)c(s3)C(C)=O)c2cc1OC,JFNQBWFEGWHHDQ-UHFFFAOYSA-N,GSK1030059A,Q9NYY3,PLK2,PLK2,0.03893314653649475
CN1CCC(NC(C2=CC(OC)=C(NC3=NC=C(N(C(C(F)(F)CN4C5CCCC5)=O)C)C4=N3)C=C2F)=O)CC1,GWRSATNRNFYMDI-UHFFFAOYSA-N,TAK960,Q9NYY3,PLK2,PLK2,0.05649063675375024
NC(=O)c1sc(cc1OCc1ccccc1Br)-n1cnc2ccccc12,BWZJWBWWGBNPLH-UHFFFAOYSA-N,GSK1023156A,Q9H4B4,PLK3,PLK3,0.13727892932377542
CN1CCC(NC(C2=CC(OC)=C(NC3=NC=C(N(C(C(F)(F)CN4C5CCCC5)=O)C)C4=N3)C=C2F)=O)CC1,GWRSATNRNFYMDI-UHFFFAOYSA-N,TAK960,Q9H4B4,PLK3,PLK3,0.9568447301096225
Fc1c(c(ccc1NS(=O)(=O)CCC)F)-n2nnc(c2)-c3cncc(c3)OC,PBZQXUCHRRZRTF-UHFFFAOYSA-N,BI00865461,Q13131,PRKAA1,AMPK-alpha1,0.062458664269827165
O=S(C2=CC=CC1=CN=CC=C12)(NCCNC/C=C/C3=CC=C(Br)C=C3)=O,ZKZXNDJNWUTGDK-NSCUHMNNSA-N,H89,P22694,PRKACB,PKAC-beta,0.1809499358597236
O=S(C2=CC=CC1=CN=CC=C12)(NCCNC/C=C/C3=CC=C(Br)C=C3)=O,ZKZXNDJNWUTGDK-NSCUHMNNSA-N,H89,Q05655,PRKCD,PRKCD,0.13483946571963845
O=S(C2=CC=CC1=CN=CC=C12)(NCCNC/C=C/C3=CC=C(Br)C=C3)=O,ZKZXNDJNWUTGDK-NSCUHMNNSA-N,H89,P24723,PRKCH,PRKCH,-0.006145169257449334
O=S(NC1=CC(C2=CC=C(C(NC(C3CC3)=O)=NN4)C4=C2)=CC=C1)(N(CC)CC)=O,UCBIQZUJJSVQHL-UHFFFAOYSA-N,UNC-AA-1-0013,P24723,PRKCH,PRKCH,0.4498512934994699
O=S(C2=CC=CC1=CN=CC=C12)(NCCNC/C=C/C3=CC=C(Br)C=C3)=O,ZKZXNDJNWUTGDK-NSCUHMNNSA-N,H89,Q13976,PRKG1,PRKG1,0.3333655489258448
O=S(C2=CC=CC1=CN=CC=C12)(NCCNC/C=C/C3=CC=C(Br)C=C3)=O,ZKZXNDJNWUTGDK-NSCUHMNNSA-N,H89,P51817,PRKX,PRKX,0.33277692987182017
CC(C)OC(N(CC1)CCN1C2=NC3=C(C4=CN=C(C(F)(F)F)C=C4)C=NN3C=C2)=O,NDDGTHBFQLPYJL-UHFFFAOYSA-N,NK-92,Q13523,PRPF4B,PRP4,-0.03504521770885734
CN1CCC(NC(C2=CC(OC)=C(NC3=NC=C(N(C(C(F)(F)CN4C5CCCC5)=O)C)C4=N3)C=C2F)=O)CC1,GWRSATNRNFYMDI-UHFFFAOYSA-N,TAK960,Q05397,PTK2,FAK,-0.06813207970217353
S(=O)(=O)(N1CCC(CC1)Oc3c(cc2ncnc(c2c3)N[C@H](C)c4ccccc4)OC)C,HNCQUOKLTSGCPT-MRXNPFEDSA-N,BI00010951,Q14289,PTK2B,PYK2,-0.06322113114024405
Fc1c(c(ccc1NS(=O)(=O)CCC)F)-n2nnc(c2)-c3cncc(c3)OC,PBZQXUCHRRZRTF-UHFFFAOYSA-N,BI00865461,Q13882,PTK6,BRK,0.19399046816484766
COc1ccc2ncnc(Nc3ccc(OCc4ccccc4)cc3)c2c1,RARTTYYZTRKYDS-UHFFFAOYSA-N,GI261520A,Q13882,PTK6,BRK,0.2058807750283532
Fc1c(c(ccc1NS(=O)(=O)CCC)F)-n2nnc(c2)-c3cncc(c3)OC,PBZQXUCHRRZRTF-UHFFFAOYSA-N,BI00865461,P04049,RAF1,RAF1,0.10716439415564633
C[C@H]1COCCN1C2=NC(=NC3=C2C=CC(=N3)C4=CC(=CC=C4)C(=O)NC)N5CCOC[C@@H]5C,JUSFANSTBFGBAF-IRXDYDNUSA-N,AZD2014,P04049,RAF1,RAF1,-0.05504404262310853
Clc1c(cc(cc1)C#CC2(CCN(CC2)C)OC)-c3nc-4c(cn3)CCc5nc(sc5-4)NC(=O)C,SKJMTJUJMPIXBJ-UHFFFAOYSA-N,BI00047875,Q9BRS2,RIOK1,RIOK1,-0.06797898303613614
CS(=O)(=O)Nc1cccc(c1)-c1ccc2c(NC(=O)C3CC3)n[nH]c2c1,FUQAHBLEGDXXKS-UHFFFAOYSA-N,SB-742864,Q9BRS2,RIOK1,RIOK1,-0.07947578631768701
CC(C)OC(N(CC1)CCN1C2=NC3=C(C4=CN=C(C(F)(F)F)C=C4)C=NN3C=C2)=O,NDDGTHBFQLPYJL-UHFFFAOYSA-N,NK-92,Q9BRS2,RIOK1,RIOK1,1.740951975502449
O=S(NC1=CC(C2=CC=C(C(NC(C3CC3)=O)=NN4)C4=C2)=CC=C1)(N(CC)CC)=O,UCBIQZUJJSVQHL-UHFFFAOYSA-N,UNC-AA-1-0013,Q9BRS2,RIOK1,RIOK1,0.6176629892791253
O=C(C1CC1)NC2=NNC3=C2C=CC(C4=CC=CC(NS(N(C)CC)(=O)=O)=C4)=C3,NKCMEGZSWOVKIL-UHFFFAOYSA-N,UNC-AA-1-0017,Q9BRS2,RIOK1,RIOK1,0.2012834896043064
O=C(NC=C1)C2=C1C(C(C(C)C)=NO3)=C3C4=C2C=C(C)C=C4,RHCWRLPKOJKBJP-UHFFFAOYSA-N,MO 286/LN 989,Q9BRS2,RIOK1,RIOK1,-0.02813720039797311
s1c(nc3c1-c2n(nc(c2C(C3)C)-c4cnc(cc4)NCC)-c5c(cccc5)C)NC(=O)OC,FQXPXUGHKSKDIL-UHFFFAOYSA-N,BI00857480,Q9BVS4,RIOK2,RIOK2,1.6418224470739071
NC(=O)c1sc(cc1OCc1ccccc1Br)-n1cnc2ccccc12,BWZJWBWWGBNPLH-UHFFFAOYSA-N,GSK1023156A,Q9BVS4,RIOK2,RIOK2,0.7100779500308814
Clc1ccc(CNc2nccc(n2)-c2cnn3ncccc23)cc1,NEWXQDRWGLAOAY-UHFFFAOYSA-N,GW781673X,Q9BVS4,RIOK2,RIOK2,0.10160816321976007
CC(N1CCN(C2=NC=NC(CC)=C2C#CC3=CC=C(N)N=C3)CC1)=O,GKROGJIGFRYBLZ-UHFFFAOYSA-N,BI00862142,Q9BVS4,RIOK2,RIOK2,0.056389776587077375
CS(=O)(=O)Nc1cccc(c1)-c1ccc2c(NC(=O)C3CC3)n[nH]c2c1,FUQAHBLEGDXXKS-UHFFFAOYSA-N,SB-742864,O14730,RIOK3,RIOK3,0.29602539998465943
CC(C)OC(N(CC1)CCN1C2=NC3=C(C4=CN=C(C(F)(F)F)C=C4)C=NN3C=C2)=O,NDDGTHBFQLPYJL-UHFFFAOYSA-N,NK-92,O14730,RIOK3,RIOK3,0.030992335498310188
ClC1=CC(NC2=NC=CC(NCCCN3CCOCC3)=N2)=CC=C1,XEEXZIORUKKBII-UHFFFAOYSA-N,DI00625271,O14730,RIOK3,RIOK3,0.024099435150736644
O=S(NC1=CC(C2=CC=C(C(NC(C3CC3)=O)=NN4)C4=C2)=CC=C1)(N(CC)CC)=O,UCBIQZUJJSVQHL-UHFFFAOYSA-N,UNC-AA-1-0013,O14730,RIOK3,RIOK3,0.5034864393928796
O=C(C1CC1)NC2=NNC3=C2C=CC(C4=CC=CC(NS(N(C)CC)(=O)=O)=C4)=C3,NKCMEGZSWOVKIL-UHFFFAOYSA-N,UNC-AA-1-0017,O14730,RIOK3,RIOK3,0.06733961163571048
O=C(NC=C1)C2=C1C(C(C(C)C)=NO3)=C3C4=C2C=C(C)C=C4,RHCWRLPKOJKBJP-UHFFFAOYSA-N,MO 286/LN 989,O14730,RIOK3,RIOK3,-0.0636488266482434
s1c(nc3c1-c2n(nc(c2C(C3)C)-c4cnc(cc4)NCC)-c5c(cccc5)C)NC(=O)OC,FQXPXUGHKSKDIL-UHFFFAOYSA-N,BI00857480,O43353,RIPK2,RIPK2,0.8441373498596751
O=S(NC1=CC(C2=CC=C(C(NC(C3CC3)=O)=NN4)C4=C2)=CC=C1)(N(CC)CC)=O,UCBIQZUJJSVQHL-UHFFFAOYSA-N,UNC-AA-1-0013,O43353,RIPK2,RIPK2,0.14409538175505546
Clc1c(cccc1)-n2nc(c4c2-c3sc(nc3CC4)NC(=O)NCc5[nH]ccn5)-c6cnccc6,JXKHIJZYDXHNSW-UHFFFAOYSA-N,BI00048423,P57078,RIPK4,RIPK4,0.014287545965248534
O=C(NCC1CC1)c1ccc(cc1)-c1cccc(c1)C(=O)NC1CC1,GTPHSWNKNONVOX-UHFFFAOYSA-N,GW806776X,Q13464,ROCK1,ROCK1,0.2672857440382168
CN(C)CCCn1c(nc2cnccc12)-c1nonc1N,KFWBJWDHALYVMK-UHFFFAOYSA-N,SB-751399,Q13464,ROCK1,ROCK1,-0.06298939905947014
O=S(C2=CC=CC1=CN=CC=C12)(NCCNC/C=C/C3=CC=C(Br)C=C3)=O,ZKZXNDJNWUTGDK-NSCUHMNNSA-N,H89,Q13464,ROCK1,ROCK1,0.2750963872110703
O=C(NCC1CC1)c1ccc(cc1)-c1cccc(c1)C(=O)NC1CC1,GTPHSWNKNONVOX-UHFFFAOYSA-N,GW806776X,O75116,ROCK2,ROCK2,0.3923572596342844
CN(C)CCCn1c(nc2cnccc12)-c1nonc1N,KFWBJWDHALYVMK-UHFFFAOYSA-N,SB-751399,O75116,ROCK2,ROCK2,-0.09109489744980216
Clc1c(cc(cc1)C#CC2(CCN(CC2)C)OC)-c3nc-4c(cn3)CCc5nc(sc5-4)NC(=O)C,SKJMTJUJMPIXBJ-UHFFFAOYSA-N,BI00047875,Q15418,RPS6KA1,RSK1(Kin.Dom.1-N-terminal),0.1333554777049922
C[C@H]1COCCN1C2=NC(=NC3=C2C=CC(=N3)C4=CC(=CC=C4)C(=O)NC)N5CCOC[C@@H]5C,JUSFANSTBFGBAF-IRXDYDNUSA-N,AZD2014,Q15418,RPS6KA1,RSK1(Kin.Dom.1-N-terminal),0.11048057957946886
O=S(NC1=CC(C2=CC=C(C(NC(C3CC3)=O)=NN4)C4=C2)=CC=C1)(N(CC)CC)=O,UCBIQZUJJSVQHL-UHFFFAOYSA-N,UNC-AA-1-0013,O75582,RPS6KA5,RPS6KA5(Kin.Dom.1-N-terminal),0.002461356470184725
s1c(nc3c1-c2n(nc(c2CC3)-c4cnccc4)-c5ccc(cc5)C6(CC6)N(C)C)NC(=O)OC,GGDDUQGGATVHON-UHFFFAOYSA-N,BI00822448,Q9UK32,RPS6KA6,RSK4(Kin.Dom.2-C-terminal),0.06442594597897804
NC(=O)c1sc(cc1OCc1ccccc1Br)-n1cnc2ccccc12,BWZJWBWWGBNPLH-UHFFFAOYSA-N,GSK1023156A,Q9UK32,RPS6KA6,RSK4(Kin.Dom.2-C-terminal),0.3843609163021962
CN1CCC(CC1)n1cnc(c1-c1ccnc(N)n1)-c1ccc(F)cc1,SVRAGOOKTLUHES-UHFFFAOYSA-N,SB-220455,Q9UK32,RPS6KA6,RSK4(Kin.Dom.2-C-terminal),0.3944575454358896
Nc1nccc(n1)-c1c(nn2cc(ccc12)C(F)(F)F)-c1ccc(F)cc1,JQUJTXXKVLSAEV-UHFFFAOYSA-N,GW568326X,Q9UK32,RPS6KA6,RSK4(Kin.Dom.2-C-terminal),-0.001771105474627718
ClC1=CC=C(F)C(C2=NC(N=CC=N3)=C3C(NC4=CC=NC=C4)=N2)=C1,BERLXWPRSBJFHO-UHFFFAOYSA-N,SD-208,Q9UK32,RPS6KA6,RSK4(Kin.Dom.2-C-terminal),0.6975317648627163
COc1cc2ncn(-c3cc(OCc4ccccc4C(F)(F)F)c(s3)C(=O)N(C)C)c2cc1OC,CKYDKNBLVBVPCS-UHFFFAOYSA-N,GSK1030062A,P0C264,SGK110,SgK110,0.12574217387846126
CC(C)OC(N(CC1)CCN1C2=NC3=C(C4=CN=C(C(F)(F)F)C=C4)C=NN3C=C2)=O,NDDGTHBFQLPYJL-UHFFFAOYSA-N,NK-92,Q96BR1,SGK3,SGK3,0.032879812382402784
O=S(C2=CC=CC1=CN=CC=C12)(NCCNC/C=C/C3=CC=C(Br)C=C3)=O,ZKZXNDJNWUTGDK-NSCUHMNNSA-N,H89,Q96BR1,SGK3,SGK3,0.2848234333611642
O=C(N(CC1=CC=CC=C1)CCCC)C2=CC=C(S(=O)(NC3=CC=CC=C3)=O)C=C2,VNCIWNGCMAKKEO-UHFFFAOYSA-N,TH257,Q9H2G2,SLK,SLK,0.4065440905171359
Fc1cccc(COc2ccc(Nc3ncnc4sc(cc34)-c3cccs3)cc2Cl)c1,PBIJKZCHYCDPPC-UHFFFAOYSA-N,GW684626B,Q9NRH2,SNRK,SNRK,-0.024431968003077405
Fc1c(c(ccc1NS(=O)(=O)CCC)F)-n2nnc(c2)-c3cncc(c3)OC,PBZQXUCHRRZRTF-UHFFFAOYSA-N,BI00865461,Q9H3Y6,SRMS,SRMS,0.02489933497148382
CC(C)OC(N(CC1)CCN1C2=NC3=C(C4=CN=C(C(F)(F)F)C=C4)C=NN3C=C2)=O,NDDGTHBFQLPYJL-UHFFFAOYSA-N,NK-92,Q96SB4,SRPK1,SRPK1,0.7431789020800418
CC(C)OC(N(CC1)CCN1C2=NC3=C(C4=CN=C(C(F)(F)F)C=C4)C=NN3C=C2)=O,NDDGTHBFQLPYJL-UHFFFAOYSA-N,NK-92,P78362,SRPK2,SRPK2,0.15933860918385753
COc1ccc(cc1C(N)=O)-c1ccncc1,QEYUQXQAUUYZDC-UHFFFAOYSA-N,GSK605714A,Q9UPE1,SRPK3,SRPK3,-0.05887250577090504
COc1cc2ncn(-c3cc(OCc4ccccc4C(F)(F)F)c(s3)C(=O)N(C)C)c2cc1OC,CKYDKNBLVBVPCS-UHFFFAOYSA-N,GSK1030062A,Q9UPE1,SRPK3,SRPK3,0.8398226867086221
O=S(NC1=CC(C2=CC=C(C(NC(C3CC3)=O)=NN4)C4=C2)=CC=C1)(N(CC)CC)=O,UCBIQZUJJSVQHL-UHFFFAOYSA-N,UNC-AA-1-0013,Q9UPE1,SRPK3,SRPK3,-0.017403379599699776
O=C(C1CC1)NC2=NNC3=C2C=CC(C4=CC=CC(NS(N(C)CC)(=O)=O)=C4)=C3,NKCMEGZSWOVKIL-UHFFFAOYSA-N,UNC-AA-1-0017,Q9UPE1,SRPK3,SRPK3,0.8599262486295702
O=C(C1CC1)NC2=NNC3=C2C=CC(C4=CC=CC(NS(CC(C)C)(=O)=O)=C4)=C3,SENOTLIGBLGKGP-UHFFFAOYSA-N,UNC-AA-1-0022,Q9UPE1,SRPK3,SRPK3,-0.06655936844971097
Fc1c(c(ccc1NS(=O)(=O)CCC)F)-n2nnc(c2)-c3cncc(c3)OC,PBZQXUCHRRZRTF-UHFFFAOYSA-N,BI00865461,O94804,STK10,LOK,0.07261393416917708
NC(=O)c1sc(cc1OCc1ccccc1Br)-n1cnc2ccccc12,BWZJWBWWGBNPLH-UHFFFAOYSA-N,GSK1023156A,O94804,STK10,LOK,-0.012161957669855323
COC(=O)Nc1nc2ccc(cc2[nH]1)S(=O)(=O)c1ccc(NC(=O)Nc2cc(ccc2F)C(F)(F)F)cc1,RJOBEDHRAOYOQX-UHFFFAOYSA-N,GW680908A,O94804,STK10,LOK,0.19913640820591727
ClC1=CC=C(F)C(C2=NC(N=CC=N3)=C3C(NC4=CC=NC=C4)=N2)=C1,BERLXWPRSBJFHO-UHFFFAOYSA-N,SD-208,O94804,STK10,LOK,0.11594995487051267
Clc1c(cccc1)-n2nc(c4c2-c3sc(nc3CC4)NC(=O)NCc5[nH]ccn5)-c6cnccc6,JXKHIJZYDXHNSW-UHFFFAOYSA-N,BI00048423,O75716,STK16,STK16,0.4290368426374776
CNC(=O)c1cncc(\C=C\c2ccccc2Cl)c1,HVTWLTGGYKBXHX-VOTSOKGWSA-N,GW445017X,Q13188,STK3,MST2,-0.04635594816839475
N(c1ncc(o1)-c1ccccc1)c1ccc(Oc2ccccc2)cc1,MKASXHWBPFPYNF-UHFFFAOYSA-N,GW641155A,Q13188,STK3,MST2,0.007310767429289369
Fc1cccc(COc2ccc(Nc3ncnc4sc(cc34)-c3cccs3)cc2Cl)c1,PBIJKZCHYCDPPC-UHFFFAOYSA-N,GW684626B,Q8WU08,STK32A,YANK1,0.11709656417260975
COc1ccc2ncnc(Nc3ccc(OCc4ccccc4)cc3)c2c1,RARTTYYZTRKYDS-UHFFFAOYSA-N,GI261520A,Q86UX6,STK32C,YANK3,1.1416511774472855
O=C(NCC1=CC=CC=C1)C2=CC=C(S(=O)(NCC3=CC=CC=C3)=O)C=C2,QDGVJMITKNOVTP-UHFFFAOYSA-N,TH263,Q86UX6,STK32C,YANK3,0.4180166738923355
COC(=O)Nc1nc2ccc(cc2[nH]1)S(=O)(=O)c1ccc(NC(=O)Nc2cc(ccc2F)C(F)(F)F)cc1,RJOBEDHRAOYOQX-UHFFFAOYSA-N,GW680908A,Q9BYT3,STK33,STK33,0.175699153288655
CN1CCC(NC(C2=CC(OC)=C(NC3=NC=C(N(C(C(F)(F)CN4C5CCCC5)=O)C)C4=N3)C=C2F)=O)CC1,GWRSATNRNFYMDI-UHFFFAOYSA-N,TAK960,Q9BYT3,STK33,STK33,0.3909736281846475
COc1ccc(cc1)-c1nn2ncccc2c1-c1ccnc(Nc2cccc(c2)C(F)(F)F)n1,BWBYKJFTJZIURF-UHFFFAOYSA-N,GW827105X,Q9NRP7,STK36,STK36,0.15242968825444494
Fc1ccc(cc1)-c1ncn(CCCN2CCOCC2)c1-c1ccncc1,ANWALZPQHPAZFO-UHFFFAOYSA-N,SB-210313,Q15208,STK38,NDR1,0.2539832281846826
O[C@H]([C@H](O)[C@@H](CO)O3)[C@@H]3N1C2=C(C(N)=NC=N2)C(I)=C1,WHSIXKUPQCKWBY-IOSLPCCCSA-N,5-iodotubercidin,Q15208,STK38,NDR1,0.4681041638653407
O[C@H]([C@H](O)[C@@H](CO)O3)[C@@H]3N1C2=C(C(N)=NC=N2)C(I)=C1,WHSIXKUPQCKWBY-IOSLPCCCSA-N,5-iodotubercidin,Q9Y2H1,STK38L,NDR2,0.20440421963390454
Fc1ccc(cc1)-c1cc(ccn1)-c1c[nH]nc1-c1ccccn1,HZJPBOLTWHOKEL-UHFFFAOYSA-N,GW680975X,Q13043,STK4,MST1,0.002461356470184725
O=C(NCC1=CC=CC=C1)C2=CC=C(S(=O)(NCC3=CC=CC=C3)=O)C=C2,QDGVJMITKNOVTP-UHFFFAOYSA-N,TH263,Q13043,STK4,MST1,0.5663859668472399
O=C(N(CC1=CC=CC=C1)CCCC)C2=CC=C(S(=O)(NC3=CC=CC=C3)=O)C=C2,VNCIWNGCMAKKEO-UHFFFAOYSA-N,TH257,P43405,SYK,SYK,0.2442053051258311
NS(=O)(=O)c1cccc(c1)-c1ccc2c(NC(=O)C3CC3)n[nH]c2c1,AXXSVTAXFAAJTE-UHFFFAOYSA-N,SB-741905,Q7L7X3,TAOK1,TAOK1,0.8459115255808604
C[C@H]1COCCN1C2=NC(=NC3=C2C=CC(=N3)C4=CC(=CC=C4)C(=O)NC)N5CCOC[C@@H]5C,JUSFANSTBFGBAF-IRXDYDNUSA-N,AZD2014,P36897,TGFBR1,TGFBR1,0.0040704552506452465
ClC1=CC=C(F)C(C2=NC(N=CC=N3)=C3C(NC4=CC=NC=C4)=N2)=C1,BERLXWPRSBJFHO-UHFFFAOYSA-N,SD-208,P36897,TGFBR1,TGFBR1,0.3002494778596017
Clc1c(cccc1)-n2nc(c4c2-c3sc(nc3CC4)NC(=O)NCc5[nH]ccn5)-c6cnccc6,JXKHIJZYDXHNSW-UHFFFAOYSA-N,BI00048423,P37173,TGFBR2,TGFBR2,0.5848439633013119
Clc1ccc(CNc2nccc(n2)-c2cnn3ncccc23)cc1,NEWXQDRWGLAOAY-UHFFFAOYSA-N,GW781673X,P37173,TGFBR2,TGFBR2,0.91578429262825
s1c(nc3c1-c2n(nc(c2C(C3)C)-c4cnc(cc4)NCC)-c5c(cccc5)C)NC(=O)OC,FQXPXUGHKSKDIL-UHFFFAOYSA-N,BI00857480,Q59H18,TNNI3K,TNNI3K,0.8054086055209878
O=S(NC1=CC(C2=CC=C(C(NC(C3CC3)=O)=NN4)C4=C2)=CC=C1)(N(CC)CC)=O,UCBIQZUJJSVQHL-UHFFFAOYSA-N,UNC-AA-1-0013,Q59H18,TNNI3K,TNNI3K,0.4546136295811389
COc1c(cc(cc1-c1ccc(cc1)S(N)(=O)=O)-c1ccc(Cl)cc1)C(N)=O,PGMGCWOOCLJXIF-UHFFFAOYSA-N,GSK711701A,Q9BXA7,TSSK1B,TSSK1B,0.7775915463642731
NC(=O)c1cc(cc(c1N)-c1ccncc1)-c1ccc(F)cc1,INRJBVLMKPWSHK-UHFFFAOYSA-N,GSK620503A,Q9BXA7,TSSK1B,TSSK1B,0.4799289548484509
Cc1cc(cc(C)c1\C=C\c1cncc(c1)-c1nn[nH]n1)-c1ccccn1,LBJHHPBGZCPQIO-VOTSOKGWSA-N,GW459057A,Q9BXA7,TSSK1B,TSSK1B,0.99831398493725
O=C(NCC1=CC=CC=C1)C2=CC=C(S(=O)(NCC3=CC=CC=C3)=O)C=C2,QDGVJMITKNOVTP-UHFFFAOYSA-N,TH263,Q9BXA7,TSSK1B,TSSK1B,0.1013186148185277
s1c(nc3c1-c2n(nc(c2C(C3)C)-c4cnc(cc4)NCC)-c5c(cccc5)C)NC(=O)OC,FQXPXUGHKSKDIL-UHFFFAOYSA-N,BI00857480,Q96PN8,TSSK3,TSSK3,-0.029620575318820494
CN1CCC(NC(C2=CC(OC)=C(NC3=NC=C(N(C(C(F)(F)CN4C5CCCC5)=O)C)C4=N3)C=C2F)=O)CC1,GWRSATNRNFYMDI-UHFFFAOYSA-N,TAK960,P33981,TTK,TTK,0.303363413009658
Clc1c(cc(cc1)C#CC2(CCN(CC2)C)OC)-c3nc-4c(cn3)CCc5nc(sc5-4)NC(=O)C,SKJMTJUJMPIXBJ-UHFFFAOYSA-N,BI00047875,P29597,TYK2,TYK2(JH2domain-pseudokinase),0.19295566816425352
NS(=O)(=O)c1cccc(c1)-c1ccc2c(NC(=O)C3CC3)n[nH]c2c1,AXXSVTAXFAAJTE-UHFFFAOYSA-N,SB-741905,Q06418,TYRO3,TYRO3,0.0510340144242561
COc1c(cc(cc1-c1ccc(cc1)S(N)(=O)=O)-c1ccc(Cl)cc1)C(N)=O,PGMGCWOOCLJXIF-UHFFFAOYSA-N,GSK711701A,Q86Y07,VRK2,VRK2,0.19757608578546346
S(=O)(=O)(N1CCC(CC1)Oc3c(cc2ncnc(c2c3)N[C@H](C)c4ccccc4)OC)C,HNCQUOKLTSGCPT-MRXNPFEDSA-N,BI00010951,P0C1S8,WEE2,WEE2,0.1091974193049428
Fc1c(c(ccc1NS(=O)(=O)CCC)F)-n2nnc(c2)-c3cncc(c3)OC,PBZQXUCHRRZRTF-UHFFFAOYSA-N,BI00865461,Q9NYL2,ZAK,ZAK,0.30190009982017724
